date,amount,description
2024-10-16,52040.27,Продажа вещи
2023-04-15,-872.75,Инвестиции брокер
12.08.2023,-1446.24,Пятерочка ул. Ленина 15 чек 1543
05.03.2024,-2051.99,Подписка Netflix
15/12/2024,-1538.81,Кинотеатр Оскар билет
2024-01-25,-8457.03,H&M
2024-07-03,-621.70,Электронный мир
2025-06-25,-2366.60,Врач клиника Здоровье
2023-10-24,-934.15,Бензин АЗС
2023/06/16,-1876.48,Оплата детского сада
2024-09-15,-789.94,Кошелек перевод
2024-10-17,-8208.00,Электричество
2023-02-02,-1830.62,Подписка Netflix
2025/01/05,-1833.37,Страховка
29.09.2023,-1506.68,Курс валют обмен
20/08/2024,-227.27,Кафе Мята
23.04.2023,-800.30,Подарок друг
2024-04-24,-2091.85,Курс валют обмен
2024-11-29,-622.33,Кредитный платёж Сбербанк
2023-01-04,-383361.48,Снятие наличных банкомат
2023-04-19,-437.88,Купить подарок ребенку
2023-06-15,75109.61,Пополнение карты
2024-05-15,-8653.32,Одежда Лента
01.03.2023,-997.68,Такси Яндекс
2025-02-17,-9574.79,Кафе Мята
2024-06-24,-380079.95,Оплата ЖКХ
2024/12/31,-5504.80,Оплата детского сада
04.05.2023,-1130.15,Zara магазин
2023-01-08,-1815.57,Метро
2023-03-14,-1101.51,Оплата детского сада
2025-06-22,-8459.98,Кошелек перевод
2023-04-10,-1734.48,Подарок друг
2024-10-31,-8404.74,Магазин техники DNS
16.07.2023,-593.16,Кафе Мята
2025-08-03,-1321.68,Курс валют обмен
2023-01-16,-997.00,Кошелек перевод
2024-02-15,79118.53,Зарплата
2025-03-13,-7844.04,Подарок друг
2024-11-08,-1938.98,Врач клиника Здоровье
2024-07-09,-979.74,Метро
27.06.2024,106620.83,Зарплата
2023-03-11,-1786.06,Магазин техники DNS
2024-08-31,-6521.82,Сервис такси
25.09.2023,-821.78,Электричество
04/11/2023,-1261.26,Автобус
2023-04-13,-1869.86,Платеж по кредиту
19.06.2025,-1109.28,Концерт Hall
2025-04-06,-4395.03,Оплата детского сада
19.08.2025,-3243.58,Бензин АЗС
2023-08-04,-6043.27,Купить подарок ребенку
2025-07-18,104641.33,Проценты по вкладу
2023-12-08,-911.58,Снятие наличных банкомат
2024-07-28,-1677.46,Кинотеатр Оскар билет
01/06/2023,-1869.52,Коммуналка Газ
2023/02/10,-4829.43,Кошелек перевод
14/06/2025,-126001.29,Кинотеатр Оскар билет
2025-03-30,-1486.30,Сервис такси
11/08/2025,-1585.38,Кошелек перевод
2025-06-12,-1840.98,Интернет провайдер
2025-04-20,-426.60,Интернет провайдер
2025-06-04,-1043.34,Подписка Netflix
2025-05-13,-1942.28,Пятерочка ул. Ленина 15 чек 1543
2025/09/12,61111.84,Проценты по вкладу
2024-03-22,-1174.35,Ресторан Суши
26/12/2024,62779.93,Возврат денег
2024/11/11,-7758.03,Оплата детского сада
2023-11-13,-6435.30,Магазин техники DNS
11/11/2024,-4407.60,Аптека Ригла
2023/01/01,-6853.29,Подарок друг
28/03/2024,-1807.30,Платеж по кредиту
2023-06-23,-6954.09,Платеж по кредиту
2025-09-01,-438.30,Коммуналка Газ
08/09/2023,-1777.97,Автобус
2025-01-05,-1329.31,
2025-02-07,-3750.73,Бензин АЗС
2024-12-13,-1704.26,Курс валют обмен
31/03/2025,-1902.58,Курс валют обмен
2024-09-19,-1818.37,Платеж по кредиту
2023-06-12,-532.12,Путешествие Авиакомпания
2025-02-23,-907.75,Купить подарок ребенку
2023/08/29,-344.12,Инвестиции брокер
2023-06-06,-1108.09,Сервис такси
2023-07-31,-19570.66,Доставка еды Delivery Club
12/08/2024,-810.47,H&M
05/05/2025,-9182.49,Инвестиции брокер
07/10/2023,-1374.33,Электронный мир
2023-06-19,-271720.58,Кафе Мята
2024-08-29,-3085.60,Такси Яндекс
2023/02/21,-708.13,Оплата ЖКХ
2023-10-12,-209.72,Сервис такси
2024-07-06,-183.81,H&M
2023-02-11,47942.46,Возврат денег
06.06.2023,-1898.13,Оплата детского сада
2023-09-20,-7983.41,Такси Uber
18.04.2025,-1861.33,Бензин АЗС
18/07/2025,-1396.70,Врач клиника Здоровье
2023-04-15,-8369.82,Такси Uber
2023/02/12,-1036.62,Оплата детского сада
19/05/2025,-756.27,Бензин АЗС
2024-04-15,-9723.79,Аптека Ригла
2025-04-07,-1475.50,Отель Booking
22.05.2025,-929.06,Такси Яндекс
2024-08-06,-1709.36,Zara магазин
2023/08/06,-1212.50,Zara магазин
2024-07-23,-1454.15,Врач клиника Здоровье
15.02.2025,-5585.40,Кредитный платёж Сбербанк
29.10.2023,-1184.03,Кошелек перевод
2024/06/27,-1420.57,Курс валют обмен
15.09.2023,-1498.62,Врач клиника Здоровье
07.12.2024,-1199.69,Аптека-online
2024/09/03,-753.72,Врач клиника Здоровье
2024-12-26,-281145.89,Магнит ул. Победы 5
2023-05-10,-73.92,Страховка
05/05/2024,-1730.36,Метро
08/03/2023,-2428.87,Кофейня Starbucks
2024/07/30,-1540.66,Кошелек перевод
2025-03-20,42822.68,Пополнение карты
2023-11-01,-1261.00,Подарок друг
2025-01-27,-4117.17,Оплата ЖКХ
03.09.2023,-928.48,Концерт Hall
2023-10-26,-5632.25,Подписка Spotify
2025/08/04,-1617.62,Купить подарок ребенку
2023-04-28,-415049.27,Кинотеатр Оскар билет
2023-06-19,-225185.19,Кофейня Starbucks
2023-11-08,-1012.90,Подписка Netflix
10/02/2023,-228.09,Такси Uber
2025-05-06,-339417.98,Пятерочка ул. Ленина 15 чек 1543
2023-02-11,-912.35,Аптека-online
22/08/2024,-240305.09,Страховка
2023-11-25,-1402.66,Концерт Hall
25/08/2025,-221.72,Курс валют обмен
2023-04-29,-2009.21,Платеж по кредиту
18/04/2024,86037.05,Продажа вещи
2024-03-28,79429.77,Продажа вещи
2024-03-24,-308347.12,Пятерочка ул. Ленина 15 чек 1543
2023/06/12,-488.17,Курс валют обмен
27/04/2023,-5987.00,Кредитный платёж Сбербанк
2024-06-05,-129428.14,Аптека-online
28.01.2024,-3092.07,Платеж по кредиту
2025-03-02,-258791.46,Zara магазин
2023-10-17,-1336.88,Доставка еды Delivery Club
2024-04-02,-1109.69,Zara магазин
2023-11-26,-505.45,Кошелек перевод
2023/02/14,-1344.19,Электронный мир
01.10.2025,-1932.44,Магнит ул. Победы 5
2023-04-13,-941.01,Бензин АЗС
2024-02-24,-1573.97,Кинотеатр Оскар билет
2024-09-30,-8818.73,Такси Яндекс
2024/01/25,-2287.19,Страховка
2024-10-08,-5471.77,Интернет провайдер
2024-10-10,-633.96,Путешествие Авиакомпания
2023-11-29,63735.70,Продажа вещи
27/06/2024,-203.99,Аптека Ригла
2024-09-26,-949.24,Доставка еды Delivery Club
2023-09-19,111108.85,Проценты по вкладу
2023-06-11,-156585.58,H&M
2024/12/07,-800.15,Коммуналка Газ
31/08/2023,-1413.59,Кофейня Starbucks
2025-04-29,53955.74,Зарплата
2025-02-01,-9223.48,Страховка
2023-08-24,-6967.13,Интернет провайдер
2025-01-08,-9227.23,Кафе Мята
2023-11-13,-306.25,Доставка еды Delivery Club
2023-12-01,-1101.85,Врач клиника Здоровье
2024-06-27,-1658.15,Концерт Hall
2025/04/05,-5746.65,Zara магазин
11.02.2025,-404247.95,Магазин техники DNS
20/03/2025,70930.74,Зарплата
2024/11/19,-63089.59,Купить подарок ребенку
2023-01-26,-1239.66,Курс валют обмен
2024-10-12,-2933.41,Коммуналка Газ
2023/02/08,-1780.16,Ресторан Суши
2024/04/09,-1497.42,Инвестиции брокер
2024-02-29,-9512.42,Страховка
2024/12/07,-429170.59,Путешествие Авиакомпания
2024/12/03,-826.37,Кредитный платёж Сбербанк
2023-05-06,-7133.64,Такси Яндекс
2023-01-22,-395619.27,Кошелек перевод
2025-04-29,-1745.91,Доставка еды Delivery Club
2023-06-01,36636.49,Зарплата
2023-05-14,-1739.57,Аптека Ригла
2024-01-02,-389.78,Доставка еды Delivery Club
29/01/2025,-1567.13,Автобус
22/04/2023,-1577.29,Ремонт смартфона
2024/06/17,-984.01,Пятерочка ул. Ленина 15 чек 1543
2024-12-03,-207.54,Путешествие Авиакомпания
09.03.2023,-1438.70,Купить подарок ребенку
2024-09-03,-2793.43,Платеж по кредиту
2025-05-23,-3720.18,Курс валют обмен
22/08/2023,-1472.74,Отель Booking
2023-11-17,-5794.14,Кинотеатр Оскар билет
2023-03-29,-6450.97,Одежда Лента
2024-07-29,-1753.53,Ресторан Суши
2024-03-09,-304200.94,Метро
2024-08-14,-1702.19,Оплата детского сада
2024/07/23,-1624.08,Подписка Netflix
2025-09-24,-6453.92,Ремонт смартфона
2024-11-04,-1420.26,Пятерочка ул. Ленина 15 чек 1543
2023/12/14,80968.90,Возврат денег
2023-05-26,-1084.44,Пятерочка ул. Ленина 15 чек 1543
2024/04/09,-8214.68,Коммуналка Газ
2023-03-28,-209.08,Ремонт смартфона
10/03/2024,-1522.14,Сервис такси
2024-03-16,-1350.91,Доставка еды Delivery Club
2024-02-09,57127.74,Возврат денег
2023-05-21,-1019.90,Электричество
13/05/2023,-1675.04,Интернет провайдер
15/03/2023,-946.52,Магнит ул. Победы 5
2023-11-17,-5341.55,Магазин техники DNS
2023/01/22,-1394.74,Ремонт смартфона
2024-03-23,-1071.73,Подарок друг
2023-11-14,-2611.04,Zara магазин
2024-06-27,-1918.54,H&M
01.06.2023,-1224.68,Снятие наличных банкомат
2024-11-02,-1521.17,Купить подарок ребенку
2024-04-04,-9892.26,Кофейня Starbucks
2025-09-21,-912.31,Путешествие Авиакомпания
2023-10-09,57936.71,Зарплата
2023/02/28,-9818.95,Автобус
2024-08-31,-1594.04,Доставка еды Delivery Club
2024-04-05,-977.48,Врач клиника Здоровье
05/03/2023,-51321.27,Zara магазин
10.02.2023,-1239.12,Путешествие Авиакомпания
2025/07/28,-2418.92,Zara магазин
2023-12-09,-4273.18,Курс валют обмен
2024-11-03,-1344.04,Zara магазин
2023-11-14,-1432.23,Магазин техники DNS
26/07/2024,-7360.93,Zara магазин
2025-01-26,-5387.25,Такси Яндекс
2024/01/07,-1544.00,Оплата ЖКХ
21.05.2023,75692.07,Зарплата
2025-01-26,108875.35,Продажа вещи
03/09/2024,-8168.78,Аптека Ригла
2023-06-19,-1453.19,Сервис такси
2024/09/17,-516.38,Путешествие Авиакомпания
14/03/2025,-1896.90,Врач клиника Здоровье
2024-04-17,-866.39,Электронный мир
2023-07-24,-987.15,Снятие наличных банкомат
2025-08-14,71069.96,Пополнение карты
20.02.2025,-903.07,Платеж по кредиту
2023-08-16,-213299.48,H&M
18.01.2024,-104.97,Такси Яндекс
2025-05-09,-609.41,Кинотеатр Оскар билет
2024-12-13,-60.24,Аптека-online
20.09.2023,-308351.25,Курс валют обмен
2025/03/05,-868.66,Ресторан Суши
2024-04-13,-82.05,Страховка
2023-09-05,-737.99,Подарок друг
2023-07-11,78479.27,Пополнение карты
2024-06-22,-811.38,Платеж по кредиту
12/10/2024,-4856.75,Снятие наличных банкомат
2023-09-04,-7881.50,Бензин АЗС
2023/02/15,-1569.33,Кредитный платёж Сбербанк
13/12/2024,-1563.57,Кафе Мята
28.10.2023,109721.13,Возврат денег
2023-11-14,-121.41,Инвестиции брокер
2023/10/20,-4655.40,Метро
12/01/2024,-5093.16,Путешествие Авиакомпания
2024-05-23,36003.24,Пополнение карты
2024-03-10,-676.36,Аптека Ригла
2024/11/07,-3333.16,Такси Uber
2024-04-02,-5479.52,H&M
2025-03-21,62698.00,Проценты по вкладу
26.11.2024,-7424.71,Кинотеатр Оскар билет
2023-05-10,-796.57,Кредитный платёж Сбербанк
11.09.2024,-1538.01,Одежда Лента
2024/06/26,-1923.01,Кредитный платёж Сбербанк
10/07/2023,-1561.18,Курс валют обмен
2023-08-08,-314.67,Страховка
2023-06-26,-9740.49,Такси Яндекс
2024/11/14,-1788.10,Курс валют обмен
2024-12-29,-754.91,Купить подарок ребенку
2023-07-25,-1130.34,Страховка
2025-04-02,-826.41,Такси Яндекс
2024-05-05,-2590.01,Сервис такси
2024-10-19,40670.89,Пополнение карты
2025-03-09,-3032.26,Аптека Ригла
2025-06-08,29180.93,Пополнение карты
2023-11-27,73695.56,Пополнение карты
14.09.2023,-1268.79,Курс валют обмен
2023-04-06,-85555.19,Доставка еды Delivery Club
2025-01-07,-1734.37,Кофейня Starbucks
2025-08-29,-8135.67,Снятие наличных банкомат
2024-10-16,-1301.72,Купить подарок ребенку
2023-09-08,-192.30,Магазин техники DNS
26/03/2024,-330.15,Оплата ЖКХ
2023-11-23,-74075.41,H&M
2024-07-29,-926.71,Отель Booking
2023/02/21,-1927.24,Ремонт смартфона
2025/04/13,-360.72,Электричество
23/04/2024,-1893.20,Страховка
16.09.2025,-598.64,H&M
2025-05-13,-1701.99,Подписка Spotify
2025/06/22,-831.13,Магазин техники DNS
2023/07/19,-928.19,Автобус
2025-04-25,-238.53,Ресторан Суши
2023-12-14,-1042.79,Кинотеатр Оскар билет
2023-02-16,-6154.66,Zara магазин
2025-07-03,-816.26,Ремонт смартфона
2025/05/12,-6258.72,Платеж по кредиту
03/11/2023,-263.73,Одежда Лента
2023-11-12,-975.45,Купить подарок ребенку
2025-03-12,-6668.19,Интернет провайдер
2024-10-06,-1377.42,Электронный мир
2025-08-28,-866.62,Пятерочка ул. Ленина 15 чек 1543
28/07/2023,-437680.68,Ремонт смартфона
2023-03-05,-1996.34,Оплата ЖКХ
2024/01/21,-177740.24,Отель Booking
2025-03-01,-4114.90,Кредитный платёж Сбербанк
07.09.2025,-1947.18,Коммуналка Газ
2023-10-23,-730.17,Страховка
2025-03-25,-1109.22,Ресторан Суши
2024-02-09,-610.88,Кинотеатр Оскар билет
21/12/2023,-1664.51,Аптека-online
2024-07-29,-6694.64,Бензин АЗС
2024-11-16,-855.94,Интернет провайдер
2023-04-13,77871.13,Зарплата
11/06/2023,-438.94,Аптека-online
2023/11/25,-3857.76,Такси Яндекс
2025-05-20,-1683.33,Аптека Ригла
2023-02-07,-1510.56,Страховка
2023-10-24,113560.94,Зарплата
2024-04-10,-3073.60,Страховка
07.10.2023,-944.88,Zara магазин
2023-07-10,-1526.70,Подписка Spotify
2025-05-26,-219.14,Подарок друг
09.07.2023,-797.97,Кошелек перевод
2023/10/01,-1324.68,Кофейня Starbucks
2023-03-05,-1387.84,Коммуналка Газ
2025-06-28,-9525.08,Ресторан Суши
15.08.2023,-1508.08,Аптека-online
2024-03-01,-8415.96,Аптека-online
19.02.2025,-2654.96,Такси Uber
2024/12/21,35558.22,Зарплата
01.06.2024,-1716.25,Кинотеатр Оскар билет
27.11.2024,-1045.23,Страховка
09.04.2024,-1139.65,Отель Booking
2023-11-12,103480.79,Продажа вещи
2024-08-15,93034.64,Продажа вещи
2023-03-03,-847.29,Аптека-online
2025-02-23,-193485.85,Кредитный платёж Сбербанк
2024-04-04,-1381.32,Электронный мир
06.07.2024,-1986.05,H&M
2023-05-11,65370.76,Зарплата
2024-04-19,-1655.55,Подарок друг
21.12.2023,-1337.39,Ресторан Суши
2025-08-16,-115.47,Автобус
2024-12-21,66203.88,Зарплата
2023-08-11,-1987.29,Метро
2025-07-27,-1361.44,Кофейня Starbucks
06.11.2023,33262.56,Пополнение карты
2023-03-04,-5417.60,Аптека Ригла
2025/09/22,-1072.70,Оплата детского сада
23.02.2024,-5788.15,Аптека Ригла
2023-11-04,-285569.12,Отель Booking
2024-07-24,-694.01,Кошелек перевод
2024-04-05,-3523.85,Инвестиции брокер
2024-11-20,-1535.31,Автобус
26.07.2024,-1822.54,Zara магазин
2023-07-14,-350856.88,Аптека-online
11.02.2024,-1090.62,Подписка Spotify
2023/09/25,-1615.49,Страховка
2025-02-18,-857.16,Оплата ЖКХ
2023-08-15,-1188.86,Снятие наличных банкомат
30.10.2023,-1675.06,Интернет провайдер
2024-11-01,-324430.28,Страховка
2023-06-22,-1115.77,Концерт Hall
2025-06-29,-1686.18,Метро
2025-04-17,67115.30,Зарплата
2023-08-25,33123.18,Зарплата
2023-03-03,-333049.33,Ремонт смартфона
2024-06-28,-585.74,Пятерочка ул. Ленина 15 чек 1543
2023-01-18,-9278.19,Подарок друг
2023-04-09,-4019.35,Врач клиника Здоровье
25/03/2025,71309.80,Проценты по вкладу
14.12.2024,-8865.75,Такси Яндекс
06/04/2023,-1291.66,Курс валют обмен
26/03/2023,-6526.85,Кредитный платёж Сбербанк
2023-04-08,-1742.83,Интернет провайдер
2024/05/01,91598.59,Зарплата
2024-07-10,-164097.50,Аптека Ригла
24.08.2024,-156645.68,Магазин техники DNS
2024-08-03,-1523.44,Инвестиции брокер
2024-12-06,34832.68,Продажа вещи
2025-05-08,-204384.49,Ремонт смартфона
2023-01-31,-743.83,Путешествие Авиакомпания
18.03.2024,-1555.73,Оплата детского сада
2023-09-10,43879.89,Продажа вещи
11.10.2024,-228.46,Электричество
2024/03/31,-415.41,Бензин АЗС
2024-07-22,-1130.73,Пятерочка ул. Ленина 15 чек 1543
2025/03/14,37510.84,Зарплата
2023-03-28,-380.69,Кошелек перевод
2023/05/23,-376.05,Страховка
03/11/2023,-530.85,Одежда Лента
2024-08-31,-63.20,Бензин АЗС
2025-05-11,-889.70,Zara магазин
2024-10-28,-7562.34,Электричество
01/07/2023,-7063.22,Подписка Spotify
11.03.2025,-5143.48,Подписка Netflix
31.07.2024,-1546.85,Инвестиции брокер
14/01/2025,-618.10,Оплата ЖКХ
2025-04-18,-3113.43,Сервис такси
2023-09-16,-2591.72,Подарок друг
2024-05-05,-436120.52,Платеж по кредиту
2023-02-07,-1833.08,Инвестиции брокер
2023-09-12,-2354.37,Концерт Hall
2024-11-24,-220923.22,Zara магазин
22.09.2023,53479.60,Пополнение карты
15/08/2023,-6708.72,Отель Booking
2023-12-20,-1925.37,Подписка Spotify
2025-08-21,-1579.33,Коммуналка Газ
23/12/2023,-635.51,Путешествие Авиакомпания
2023-04-28,-1610.10,Кредитный платёж Сбербанк
28.01.2025,-1141.71,Курс валют обмен
2023-08-26,-1331.75,Аптека Ригла
2025-01-25,-808.23,Путешествие Авиакомпания
2023/07/30,-1609.03,Автобус
2024/01/10,-1732.14,Ресторан Суши
2024/10/16,-272.75,Ремонт смартфона
2024-04-13,-299182.50,Коммуналка Газ
2023-11-17,-1402.20,Ресторан Суши
2024-03-04,-999.01,Электронный мир
2025-07-30,-1004.80,Аптека Ригла
2023-11-19,-9614.74,Метро
2023-07-19,-1015.19,Курс валют обмен
2024-03-01,-1152.53,Страховка
2023/08/14,78384.78,Возврат денег
2024-04-13,-270.76,Страховка
2025-03-04,-1525.73,Одежда Лента
2024-03-27,-1668.64,Подарок друг
2023-11-01,-1731.29,Путешествие Авиакомпания
2025-06-05,-1488.35,Кошелек перевод
2025-05-31,-321.51,Подарок друг
2023-07-31,77905.27,Продажа вещи
2023/06/22,-571.32,Подписка Spotify
2025-07-10,-394988.61,Кафе Мята
2023-10-11,-1437.22,Кафе Мята
2025-02-18,-1283.18,Страховка
20/01/2024,66256.57,Зарплата
2024/12/12,-54.82,Страховка
2025-01-20,-7578.31,Отель Booking
2025-03-25,-5957.72,Подарок друг
2023/10/18,-996.41,Кафе Мята
2024-11-29,86356.16,Зарплата
2023-01-17,-51.32,Концерт Hall
2023-07-27,-1755.13,Кредитный платёж Сбербанк
2023-04-06,-1812.41,Такси Яндекс
2024-02-10,-227.84,Интернет провайдер
07/08/2023,76749.98,Возврат денег
2023-01-09,-216933.83,Ресторан Суши
14.03.2023,-766.75,Бензин АЗС
2024-01-27,-7417.10,Кафе Мята
2024-07-30,-1458.74,Концерт Hall
05/06/2023,-2693.50,Путешествие Авиакомпания
2025-02-09,-887.31,Электронный мир
2023/09/11,-1220.02,Кошелек перевод
2025-03-08,48490.11,Продажа вещи
2023-07-13,-1800.93,Кредитный платёж Сбербанк
21/05/2024,-2568.10,Страховка
2023/01/13,-1686.00,Кафе Мята
2024-07-13,-387479.85,Аптека-online
2023-03-11,-474853.20,Магнит ул. Победы 5
2023-10-21,-834.44,Сервис такси
2024-07-04,-1047.04,Такси Яндекс
07.04.2025,-1538.29,Магазин техники DNS
2024-10-20,-8771.74,Подарок друг
30/03/2023,-4474.32,Ремонт смартфона
28.01.2025,-3310.66,Кафе Мята
2024-06-19,-297.51,Снятие наличных банкомат
2023-10-03,-887.18,Пятерочка ул. Ленина 15 чек 1543
2023-09-27,-937.64,Купить подарок ребенку
2024-05-26,-1557.99,Одежда Лента
2024-11-21,-1724.44,Платеж по кредиту
17/02/2023,-1922.67,Кинотеатр Оскар билет
2025-04-02,-534.11,Сервис такси
2023/11/24,-1028.98,Кофейня Starbucks
03.07.2023,-43773.95,Магнит ул. Победы 5
2023-10-17,-940.66,Электричество
2023-10-26,-768.13,Ремонт смартфона
2025-03-02,-3961.01,
2024-02-24,-7547.69,
2023-12-10,-7817.72,Электронный мир
26.06.2024,-79763.01,Метро
14.02.2023,44783.41,Пополнение карты
2024-04-14,-1292.57,Бензин АЗС
2024-08-29,51309.46,Возврат денег
2023-11-19,-580.31,Электричество
27.07.2023,-256.03,Доставка еды Delivery Club
18/11/2023,-111741.75,H&M
2023-09-29,-4433.72,Концерт Hall
2024-09-09,-1436.76,Электричество
2024-02-10,53415.01,Продажа вещи
01/02/2023,-3998.82,Курс валют обмен
2025-04-03,23700.15,Зарплата
16.08.2023,-1279.08,Магазин техники DNS
2024-08-19,-175.72,Автобус
2024-03-30,-1887.45,Zara магазин
2025-08-04,-796.32,Магазин техники DNS
29.12.2023,-1772.68,Подписка Netflix
2024-09-26,-1771.42,Подписка Spotify
2023/03/31,-1775.07,Сервис такси
2024-10-07,-393138.73,Пятерочка ул. Ленина 15 чек 1543
2024-07-11,-807.34,Кофейня Starbucks
2023-11-23,-1983.49,Подписка Netflix
2025-02-24,-1330.89,Концерт Hall
2025-04-15,-9582.42,Метро
27/03/2025,-1205.41,Аптека Ригла
2024/12/15,-4813.46,Пятерочка ул. Ленина 15 чек 1543
2023-05-26,-392.34,Страховка
27.02.2023,-51.33,Пятерочка ул. Ленина 15 чек 1543
2023-07-26,-423699.20,Аптека Ригла
23.01.2023,-8771.85,Кинотеатр Оскар билет
2025-09-10,-247.01,Оплата детского сада
20.05.2023,-9685.30,Подарок друг
2023-06-28,-3785.90,Ремонт смартфона
29/06/2023,-1471.22,Подписка Spotify
2025-08-29,-1224.66,Кофейня Starbucks
2025-09-17,-1017.56,Кофейня Starbucks
21.03.2023,-1776.37,Электричество
2024-12-26,-567.16,Zara магазин
2023/03/11,-2385.18,Бензин АЗС
05.03.2024,-4809.85,Страховка
28/04/2025,-7497.28,Кофейня Starbucks
2023-03-17,-559.20,Подписка Spotify
17.12.2023,-6376.37,Концерт Hall
2023/04/06,-7636.04,Ремонт смартфона
31.10.2024,-247.45,Подарок друг
14/07/2023,-598.97,Инвестиции брокер
20/02/2023,-753.62,Страховка
2023-10-29,-239.12,Такси Uber
2024/10/15,-4466.83,Аптека-online
2024-05-15,-410.52,Кредитный платёж Сбербанк
14.01.2024,-563.63,Снятие наличных банкомат
2024-07-31,-1352.88,Оплата детского сада
2024-02-28,-804.86,Курс валют обмен
2025-09-15,-509.50,Аптека-online
2024-02-09,-1057.79,Платеж по кредиту
27.09.2024,-1969.52,Путешествие Авиакомпания
07.04.2025,-1382.09,Подарок друг
2025-04-22,-1826.07,Такси Uber
2023-03-10,-1720.42,Магазин техники DNS
2025-07-28,40126.70,Проценты по вкладу
2024-08-03,-285715.04,Бензин АЗС
2023-10-20,-4113.09,H&M
2024-08-08,-330.51,Аптека Ригла
11/12/2024,92146.24,Продажа вещи
2024/05/01,-1597.62,Пятерочка ул. Ленина 15 чек 1543
13/05/2025,-121699.13,Бензин АЗС
31/01/2025,-862.71,Электричество
12/07/2023,-8075.95,Сервис такси
2025-04-20,-1433.66,Концерт Hall
2025-03-10,-425.89,Кофейня Starbucks
2025-05-07,-752.73,Отель Booking
2024-01-13,-2990.98,Магазин техники DNS
17/01/2024,-242545.32,Аптека Ригла
19.12.2023,-7510.80,Снятие наличных банкомат
2024-01-31,-3714.55,Кофейня Starbucks
2023-08-19,-89.10,Кредитный платёж Сбербанк
2025-02-24,88263.44,Возврат денег
09.01.2023,-7674.95,Коммуналка Газ
05/07/2025,-960.06,Отель Booking
2025-04-24,-1998.89,Бензин АЗС
2025/05/09,-4387.81,Такси Uber
2023/03/07,-589.93,Купить подарок ребенку
2025-09-02,-518.59,Кинотеатр Оскар билет
2025-05-27,-7446.05,Магазин техники DNS
02/11/2024,-208253.46,Снятие наличных банкомат
2024-08-20,-1441.07,Врач клиника Здоровье
2024-10-15,-635.38,Оплата детского сада
2024-11-04,-1494.79,Бензин АЗС
2024-07-26,-3778.03,Zara магазин
2025/06/11,-1191.86,Zara магазин
01/05/2023,72499.77,Зарплата
2023-05-03,37901.35,Пополнение карты
24.05.2025,-1975.02,Врач клиника Здоровье
13.04.2024,-5900.65,Аптека Ригла
2023/07/01,47123.19,Зарплата
03.03.2025,-1538.96,Концерт Hall
21/09/2024,-980.93,
30.06.2024,73520.38,Зарплата
27.06.2024,86401.82,Зарплата
2024/12/11,-1197.91,Бензин АЗС
2025-04-23,-1064.56,Подписка Spotify
2024-03-20,-250187.56,Zara магазин
2023-06-18,-1970.52,Интернет провайдер
2023-01-23,-1318.55,Ресторан Суши
2025-06-16,-6751.39,Инвестиции брокер
2023-04-21,-5334.20,Метро
2024/07/14,-1387.19,
2024-03-06,36198.63,Пополнение карты
21/05/2023,-1254.51,Бензин АЗС
2025-03-14,-562.84,Такси Uber
2023/07/26,-1118.87,Подписка Spotify
05/12/2024,20764.96,Зарплата
2023-04-24,-225.66,Страховка
2025-01-10,-5654.01,Снятие наличных банкомат
28/09/2023,108672.64,Возврат денег
2024-01-04,-2759.99,Подарок друг
2023-02-16,-4629.29,Оплата детского сада
2025-09-05,-718.31,Такси Яндекс
14/02/2024,-5825.96,Электронный мир
2025-06-26,-2469.17,Кафе Мята
2023-06-13,-1159.44,Доставка еды Delivery Club
17/09/2024,-1384.71,Ремонт смартфона
23.09.2025,-852.00,Страховка
2023-09-25,66051.72,Пополнение карты
01.08.2024,-6152.80,Оплата детского сада
2024-09-25,-1344.24,Кошелек перевод
2023-06-02,-1304.63,Ремонт смартфона
19/05/2025,-1008.71,Концерт Hall
2025/09/20,79544.60,Возврат денег
16.04.2025,102113.52,Проценты по вкладу
27/05/2025,-375167.09,Ресторан Суши
18/02/2024,104331.79,Зарплата
2025-09-13,-1326.46,Платеж по кредиту
2023/12/16,-4655.78,Интернет провайдер
06/09/2024,-2912.19,Одежда Лента
2023-08-16,-153071.95,Купить подарок ребенку
2024-12-19,74317.99,Возврат денег
2025-01-30,-3500.35,Снятие наличных банкомат
07.02.2024,-2862.13,Врач клиника Здоровье
2025-08-06,-1788.92,Доставка еды Delivery Club
2024-08-26,-1485.62,Страховка
2024-03-19,-9281.45,Платеж по кредиту
2023-06-27,-1221.06,Бензин АЗС
31/05/2024,-383563.58,Такси Uber
2025/09/13,-3105.44,Путешествие Авиакомпания
2025-06-26,-7694.99,Курс валют обмен
09.10.2024,-7492.89,Ремонт смартфона
2023-05-16,-1403.91,Аптека Ригла
2023-04-29,-1888.21,Аптека-online
2024-11-21,-1702.24,Инвестиции брокер
2024-06-19,34775.85,Возврат денег
2023-10-01,-3171.43,Подписка Spotify
2025/03/14,-1637.35,Инвестиции брокер
2025-06-07,-6490.16,Интернет провайдер
2025-03-14,-2375.84,Подписка Spotify
2024-03-02,-36363.07,Электричество
2023-07-27,-9291.89,Путешествие Авиакомпания
2024/10/25,-3571.75,Инвестиции брокер
2023/07/18,-388.90,Автобус
2024-01-22,-363.81,Курс валют обмен
2023/01/06,-1860.83,Кинотеатр Оскар билет
2025-03-03,-1590.32,Оплата детского сада
2023-03-16,33197.72,Пополнение карты
2023-03-11,-836.66,Сервис такси
23.06.2025,-475.97,Zara магазин
27/06/2024,-1354.43,Кредитный платёж Сбербанк
2025-07-15,-127.76,Ремонт смартфона
2024-01-26,-1461.75,Электронный мир
2024-06-13,-5564.46,Платеж по кредиту
2025-07-08,-237.12,Платеж по кредиту
2025-03-02,-1357.15,Купить подарок ребенку
2025-06-04,-1666.06,Бензин АЗС
2025-01-29,-3230.04,Автобус
2023-12-06,-541.22,Метро
21.04.2025,-1278.92,Сервис такси
18/01/2023,-1454.56,Инвестиции брокер
2025-02-02,62193.01,Зарплата
2023-10-24,-1542.28,Такси Uber
2024-02-09,-478.74,Аптека-online
2025-03-26,-80597.01,Подписка Spotify
2025-07-25,-1901.46,Кредитный платёж Сбербанк
22.07.2024,54363.12,Зарплата
2024-07-14,-1815.97,H&M
26.05.2023,-3554.61,Ремонт смартфона
2025-03-29,-1121.85,Курс валют обмен
2023/03/10,-695.16,Доставка еды Delivery Club
02.11.2024,-427.32,Ремонт смартфона
2023-12-03,-1155.38,Доставка еды Delivery Club
08/09/2025,-481.98,Электричество
2024/03/22,-4652.50,Кафе Мята
2024/04/01,-392.75,Страховка
2025/05/11,-3571.46,Кафе Мята
2024-10-03,-7053.01,Пятерочка ул. Ленина 15 чек 1543
15/08/2024,-280281.06,Оплата ЖКХ
06/07/2024,-485.45,Кинотеатр Оскар билет
2025-01-20,-226.58,Отель Booking
2023-01-11,-8057.65,Ремонт смартфона
13.06.2023,-9741.88,Кофейня Starbucks
2024/05/10,50857.49,Проценты по вкладу
2023-08-28,74463.57,Пополнение карты
25/04/2024,-168794.84,Магнит ул. Победы 5
2024-06-17,-1161.81,Снятие наличных банкомат
2024/01/23,-783.84,Автобус
12/06/2024,-990.11,H&M
28.05.2024,-1304.78,Интернет провайдер
11.07.2023,-5316.91,Ресторан Суши
27/04/2023,-364.43,Аптека-online
23.01.2023,42125.16,Возврат денег
2025-07-01,-401.07,Концерт Hall
2024-09-05,-9578.03,Оплата детского сада
13/09/2024,-851.00,Концерт Hall
2024-08-19,-4116.17,Ремонт смартфона
17/12/2023,-801.65,Автобус
2023-07-27,-8612.11,Платеж по кредиту
01/07/2023,-1578.54,Такси Uber
2023-05-01,-274250.13,
2025-08-18,-772.24,Подарок друг
26/06/2024,-5049.89,Аптека-online
2025-01-29,-311.07,Кофейня Starbucks
2023-08-27,-5269.17,Такси Uber
2024-12-27,-1063.54,Кофейня Starbucks
2023-07-30,-351.82,Сервис такси
2023/09/17,-1243.17,Подарок друг
2024-02-11,-5859.74,Курс валют обмен
22/07/2024,-1559.68,Коммуналка Газ
2023-05-22,-5572.76,Ресторан Суши
2023-06-15,-8406.83,Магазин техники DNS
2024-12-01,116811.32,
2023-04-04,-174.96,Такси Uber
2023-03-23,113761.65,Проценты по вкладу
2024-11-02,-1558.54,Такси Uber
21/05/2024,47527.18,Продажа вещи
2024-06-06,-120.32,Ремонт смартфона
01.01.2023,-4825.02,Подписка Netflix
23.08.2024,-279300.40,Автобус
2024-07-26,-1927.96,Подписка Netflix
2024-02-18,66642.12,Возврат денег
2023-03-16,-9653.67,Ресторан Суши
2025-04-12,-285952.62,Путешествие Авиакомпания
2025/02/14,-9172.19,Отель Booking
2024-05-08,-9953.58,Электронный мир
2023-08-24,-68.96,H&M
2023/09/12,-1866.22,Zara магазин
29.12.2023,-1505.00,Подписка Netflix
14/07/2023,-8981.94,Кошелек перевод
2023-07-27,-1568.93,Ремонт смартфона
2023-03-22,-8113.95,Страховка
2023-02-13,-1801.34,Ремонт смартфона
2024-08-11,-458843.35,Аптека Ригла
2023-08-16,-875.19,Метро
2023-02-03,-284.72,Аптека Ригла
2023-11-20,64148.52,Возврат денег
2024-01-06,-512.42,Аптека Ригла
2024/09/19,-867.23,Страховка
2024-01-09,-305.72,Путешествие Авиакомпания
2023-08-23,-6442.72,Подписка Netflix
20.07.2023,-69.00,Кинотеатр Оскар билет
2023-05-18,-8282.66,Инвестиции брокер
2024-07-29,-368.52,Магазин техники DNS
18/09/2023,-702.58,Бензин АЗС
2024-07-27,-852.93,Снятие наличных банкомат
2024-11-26,-6307.51,Кофейня Starbucks
2023/10/19,-1486.23,Платеж по кредиту
2024-01-26,-435446.25,Купить подарок ребенку
2025/08/08,-1705.36,Ремонт смартфона
2023/06/15,-7683.47,Электричество
2024/02/09,-6167.49,Одежда Лента
21.06.2023,-7296.18,Кафе Мята
2024-12-18,-236.33,Концерт Hall
2024-04-29,77158.45,Проценты по вкладу
2023/04/17,-9083.77,Такси Яндекс
2023-09-11,-1077.15,Купить подарок ребенку
2023-02-05,-5737.55,Электричество
2025/08/15,-351835.21,Кафе Мята
03/09/2024,-5479.82,Купить подарок ребенку
2024/06/30,-1619.18,Аптека-online
10/01/2024,-1070.47,Коммуналка Газ
2023/05/20,-1848.07,Инвестиции брокер
2024/05/03,101816.83,Проценты по вкладу
2025-03-26,-1143.08,Врач клиника Здоровье
2023-06-17,-3764.74,Электронный мир
02.10.2024,-7477.12,Ремонт смартфона
2025-01-30,-183.50,Сервис такси
2023-04-24,-1264.37,Путешествие Авиакомпания
20.01.2023,46734.38,Зарплата
03.10.2023,33968.63,Зарплата
20.05.2024,-5987.17,Коммуналка Газ
2024-12-14,105919.17,Зарплата
2023/02/27,-404.13,Автобус
2023-09-14,27317.69,Зарплата
12/09/2023,-1989.34,Путешествие Авиакомпания
2025-01-22,-241684.52,Оплата детского сада
2023/11/16,-6396.64,Магнит ул. Победы 5
2024-05-07,-8909.26,Одежда Лента
26.04.2023,-1599.06,Электричество
2024-02-10,-1396.97,Магнит ул. Победы 5
2023/06/08,-228.23,Кошелек перевод
2025-08-11,-350.14,Метро
20.04.2023,-396395.29,Электричество
04/04/2025,-4865.34,Пятерочка ул. Ленина 15 чек 1543
2025-07-09,-1108.33,Путешествие Авиакомпания
03.08.2024,-4202.60,Электричество
2025-07-25,-926.30,Автобус
2024/07/08,-1480.63,Купить подарок ребенку
2024-09-26,-1455.96,Ремонт смартфона
2024-07-05,60993.45,Пополнение карты
2023-06-07,-2883.71,Сервис такси
2023-03-10,-110.98,Кафе Мята
2023-07-16,89212.91,Проценты по вкладу
2024-12-19,-1449.80,Одежда Лента
01.08.2025,-1295.89,Такси Яндекс
31/01/2025,-4126.53,Метро
2023-03-14,-57588.43,Оплата ЖКХ
28/06/2024,59412.59,Пополнение карты
28.08.2025,-255.75,Курс валют обмен
2024-01-02,-253.00,Оплата детского сада
17/07/2024,-1996.95,Оплата детского сада
2023/12/27,-5298.75,Электричество
2025-04-25,-467.16,Кошелек перевод
2025-08-06,-824.33,Путешествие Авиакомпания
2023-10-19,119407.08,Возврат денег
04.11.2023,-1652.78,Электричество
2023-10-10,-85810.25,Кофейня Starbucks
31.12.2023,-3998.86,Одежда Лента
2023-11-04,-369790.32,Кофейня Starbucks
22/03/2025,-2762.91,Кофейня Starbucks
2023-02-08,-159.05,Электронный мир
2023-12-23,-3813.74,Ресторан Суши
2024-09-08,-644.33,Купить подарок ребенку
2024-07-06,-3225.58,Платеж по кредиту
07/02/2024,-483.07,Кофейня Starbucks
08.02.2024,-1503.36,Такси Яндекс
2023-09-26,-3043.00,Подарок друг
26.07.2024,-1144.28,Кредитный платёж Сбербанк
20.06.2024,-4587.29,Подписка Netflix
2023-04-02,-421.45,Подарок друг
2024-11-02,-311948.29,Концерт Hall
2024-03-28,-124409.90,Магнит ул. Победы 5
2023-06-09,-156.35,Такси Яндекс
06.08.2025,-1402.90,Подписка Spotify
05/04/2024,96601.17,Возврат денег
2024-07-13,-1473.35,Курс валют обмен
2024-12-16,52991.07,Зарплата
2023-07-25,-1326.78,
2024-02-02,-260.39,Оплата детского сада
2025-06-23,-1433.89,Электронный мир
2024-05-11,-1026.27,Такси Яндекс
2025-08-06,113004.31,Возврат денег
16/05/2024,-736.23,Пятерочка ул. Ленина 15 чек 1543
2023-08-30,-9029.42,Метро
2025-04-14,-716.48,Подписка Netflix
2023-05-21,77636.34,Пополнение карты
2024-10-02,-881.61,Кошелек перевод
2024/09/11,-320.22,Кафе Мята
30.03.2025,-9189.15,Коммуналка Газ
2024-03-16,-165573.14,Кофейня Starbucks
2025-08-29,-3164.18,Электричество
23/11/2023,-1870.85,Коммуналка Газ
2025-08-13,-410.26,Врач клиника Здоровье
2024-09-18,-6770.89,Кофейня Starbucks
2023/01/27,42067.80,Проценты по вкладу
2024-04-25,-5931.56,Аптека Ригла
17.07.2023,113289.16,Зарплата
2023-08-16,-2529.09,Врач клиника Здоровье
2024-03-25,-9100.70,Электричество
2025-03-05,-5153.21,Электронный мир
2024-08-08,-8295.36,Кредитный платёж Сбербанк
07/04/2024,-3965.77,Магнит ул. Победы 5
2025-01-22,65909.59,Пополнение карты
2023/07/14,-4287.32,Коммуналка Газ
2023-10-29,74220.54,Пополнение карты
23/10/2024,-1568.53,Платеж по кредиту
2024-12-13,-98.58,Сервис такси
2025-07-07,-681.95,Отель Booking
2024-12-29,-1427.14,Ресторан Суши
2023-03-29,-3279.20,Платеж по кредиту
2023-02-14,-1336.08,Zara магазин
08.06.2025,-653.56,Метро
2024/04/01,-9683.47,
2025/02/22,106987.00,Проценты по вкладу
2023-01-06,-1335.97,Кошелек перевод
2024-03-28,34682.79,Зарплата
2024-09-26,-339.10,Оплата ЖКХ
07.02.2023,-1226.41,Оплата детского сада
2023-03-31,-604.54,Аптека Ригла
2024-12-17,-937.91,Курс валют обмен
2025-08-11,-1800.18,Коммуналка Газ
15/02/2025,-312.36,Автобус
2023/10/09,32590.72,Пополнение карты
2023-03-01,-220.96,Купить подарок ребенку
2024-09-11,-1703.21,Подписка Spotify
2024-08-11,-5971.18,Кафе Мята
24/05/2024,-616.45,Ремонт смартфона
2023-05-02,-3658.65,Ресторан Суши
29/02/2024,80437.40,Продажа вещи
2023-01-12,-182.28,Подписка Spotify
2024/07/17,-4730.89,Ресторан Суши
2024-09-22,-708.98,Врач клиника Здоровье
27/07/2025,-353.00,Кредитный платёж Сбербанк
2025-06-04,-5311.62,Отель Booking
2025-05-05,-86.50,Электричество
2023-12-06,-341.14,H&M
14/12/2023,-809.65,Концерт Hall
2025-06-04,-4171.98,Электричество
17.06.2025,-639.52,Коммуналка Газ
2025-03-14,-98.62,Такси Яндекс
27.05.2024,-6189.02,Аптека-online
2023-05-27,60603.04,Пополнение карты
2025-01-11,26950.16,Пополнение карты
2023-02-15,-1783.91,Такси Яндекс
2025-02-23,-658.68,Пятерочка ул. Ленина 15 чек 1543
25.11.2023,-1556.93,Подписка Netflix
07.10.2023,-1264.74,Ресторан Суши
2023-07-31,-1889.39,Электричество
10.08.2024,-4709.91,Коммуналка Газ
2023-05-14,-154.91,Метро
2023-07-03,-7521.00,Доставка еды Delivery Club
2023/12/31,-7366.96,Врач клиника Здоровье
2025-09-24,-1635.06,Кофейня Starbucks
2024-04-24,-5723.17,Кредитный платёж Сбербанк
18.08.2023,-758.73,Ремонт смартфона
2025-07-28,-109.02,Электричество
26/12/2023,-729.80,Концерт Hall
2024-06-04,-1316.43,Бензин АЗС
29/06/2024,-525.20,Сервис такси
08/05/2024,103252.41,Возврат денег
14/03/2025,-510.50,Zara магазин
2023-03-21,-2914.58,Кофейня Starbucks
2023-11-30,-1913.97,Путешествие Авиакомпания
2023-04-22,-1307.73,Электронный мир
2023-08-11,-321705.08,
2023-05-31,-1250.37,Инвестиции брокер
2023-07-30,-1830.75,Коммуналка Газ
23/08/2025,-295536.22,H&M
06/06/2024,-1807.10,Подписка Spotify
2023-01-01,-600.31,H&M
2024-03-18,-796.44,Купить подарок ребенку
12.07.2024,-1133.07,Аптека-online
2024-01-04,-338332.38,Подписка Spotify
2023-03-15,89213.40,Проценты по вкладу
2023-05-20,-9148.66,Сервис такси
10/08/2025,-1126.50,Отель Booking
30.12.2023,-1021.41,Такси Uber
2024-12-30,-115.25,Инвестиции брокер
2024-05-09,-1396.47,Доставка еды Delivery Club
2025-01-18,-202.56,Подписка Netflix
01.04.2023,-48260.14,Оплата детского сада
2025-03-28,-272166.30,Метро
2024-04-09,-5368.13,Кофейня Starbucks
2025/03/28,-6781.09,Магнит ул. Победы 5
2025-03-14,-379.70,Купить подарок ребенку
2023-10-26,-210.89,Пятерочка ул. Ленина 15 чек 1543
2025-05-21,-4201.74,Кафе Мята
2025-01-29,-7273.25,Доставка еды Delivery Club
2023/06/29,-1608.78,Кошелек перевод
2023-12-18,-85533.65,Такси Uber
2024-02-27,-1293.27,Оплата детского сада
2025-01-21,-1648.09,Кредитный платёж Сбербанк
20/04/2024,-8019.42,Аптека-online
2024-01-24,-1084.36,Аптека-online
2023-10-23,-344609.39,Электричество
2025-07-28,-7216.53,Подарок друг
2023/10/04,-5129.23,Снятие наличных банкомат
06.02.2025,-6159.62,Доставка еды Delivery Club
2023/07/04,69901.37,Зарплата
2023-04-11,-1464.24,Путешествие Авиакомпания
2023-02-04,-331736.70,Метро
2025-08-31,-1229.14,Ресторан Суши
2025-02-21,-7565.23,Аптека Ригла
2024-04-23,-1990.73,Купить подарок ребенку
2024-12-09,-1572.43,Электричество
05/03/2023,-1634.96,Метро
13/03/2023,-3427.54,Врач клиника Здоровье
2023-05-28,-2850.00,Оплата ЖКХ
2023-09-23,81421.01,Зарплата
2024-04-01,-2006.94,Кинотеатр Оскар билет
2024/02/04,-291573.72,Zara магазин
2025-08-20,-1469.15,Подарок друг
2023-03-13,-410808.56,Электронный мир
2024-08-03,-640.51,H&M
2025-09-08,-4720.50,Инвестиции брокер
2025-02-17,-126.70,Врач клиника Здоровье
2023/07/15,-4874.09,Бензин АЗС
09/10/2024,-99.46,Кафе Мята
02/09/2023,-5997.47,Инвестиции брокер
11/04/2025,-159.31,Пятерочка ул. Ленина 15 чек 1543
13/02/2023,-5666.96,Кредитный платёж Сбербанк
2025-06-14,-190.47,Доставка еды Delivery Club
2024-05-15,51841.43,Зарплата
15.01.2023,-2778.34,Коммуналка Газ
2025-05-05,40276.17,Зарплата
22.09.2024,68359.03,Возврат денег
2025-01-25,-292223.84,Ресторан Суши
2025-05-06,-704.23,Магнит ул. Победы 5
2023-05-25,-905.39,Одежда Лента
11.02.2023,-8221.29,Купить подарок ребенку
2024-05-13,113352.33,Возврат денег
2024/08/30,-3649.28,Аптека-online
19/06/2024,-2300.97,Аптека Ригла
2024-05-26,-4409.60,Купить подарок ребенку
25.07.2024,78607.49,Пополнение карты
2025-06-02,-1552.15,Платеж по кредиту
2023-10-11,-9748.59,Кинотеатр Оскар билет
30.06.2023,-760.18,Магнит ул. Победы 5
2023/09/15,-1493.81,Отель Booking
30.06.2023,-188.18,Страховка
2024-03-31,-1369.86,Сервис такси
2025-03-08,-854.56,Бензин АЗС
01.07.2025,34890.54,Проценты по вкладу
2023-08-10,-942.59,Электронный мир
2024/01/03,-1158.90,Кафе Мята
2023-04-24,-719.97,Сервис такси
10.09.2024,-453733.27,Купить подарок ребенку
2024-07-20,-5913.71,Сервис такси
28/08/2024,-884.82,Подписка Netflix
2023/09/11,-6734.17,Интернет провайдер
2024-08-10,-967.77,Магнит ул. Победы 5
04/02/2023,-7573.23,Аптека-online
22.05.2024,61589.59,Зарплата
12.08.2023,-2725.84,Кошелек перевод
09.11.2023,-2195.31,Кофейня Starbucks
01.03.2025,-1749.53,Магазин техники DNS
2024-12-21,64639.13,Зарплата
2024-06-27,-6900.01,Подписка Netflix
2023-08-01,-7886.09,Ремонт смартфона
2025-08-26,-762.90,Метро
2024/01/10,-6486.07,Курс валют обмен
2023/05/22,-7899.04,Ресторан Суши
2025-06-11,-1800.97,Интернет провайдер
2024/03/09,61070.39,Продажа вещи
2024-06-23,-6262.84,Инвестиции брокер
2024/09/27,-1773.76,Автобус
05.02.2024,-588.09,Автобус
23.05.2024,77126.29,Пополнение карты
2024-03-02,-869.25,Кафе Мята
2023/01/22,-3858.62,Пятерочка ул. Ленина 15 чек 1543
2024/10/22,-8294.59,Zara магазин
2024-11-12,-642.96,Курс валют обмен
2025/03/19,-775.21,Снятие наличных банкомат
2025-05-15,-374.41,Подписка Spotify
2024-12-29,-7542.87,Аптека Ригла
07.06.2023,-291517.33,Магнит ул. Победы 5
14.01.2024,-9824.18,Магнит ул. Победы 5
2024-04-04,-1844.85,Инвестиции брокер
2024-05-26,-86466.10,Отель Booking
2024-07-13,-615.16,Подписка Spotify
2025-10-01,-9378.34,Кофейня Starbucks
2023-04-26,-1124.37,Магнит ул. Победы 5
2024-02-16,-686.41,Путешествие Авиакомпания
2023-07-19,-213.00,Подписка Netflix
2024-11-24,-1006.41,Платеж по кредиту
2024-06-07,-1446.13,Одежда Лента
2024/01/31,61621.95,Продажа вещи
2025-06-14,-5324.88,Путешествие Авиакомпания
2023-06-17,-5313.55,Подарок друг
2024-09-04,-1741.68,Коммуналка Газ
2023-03-09,-1295.67,Такси Яндекс
2023-06-29,-3095.42,Кофейня Starbucks
2024/01/26,-4415.94,Магнит ул. Победы 5
2024-05-20,-54.77,Интернет провайдер
2025-09-05,-1348.53,Аптека-online
03/07/2023,-282.74,Кредитный платёж Сбербанк
2025-09-20,-1152.87,Одежда Лента
2024-10-05,-1479.27,Ресторан Суши
23.09.2023,-1762.72,Кинотеатр Оскар билет
2023-06-17,-9641.25,Сервис такси
2023-10-26,-1544.56,Автобус
2023-04-07,-666.61,Инвестиции брокер
2025/03/30,-1181.09,Одежда Лента
14.01.2023,-5295.96,Одежда Лента
2023-06-16,-417.41,Платеж по кредиту
2024-09-20,70764.18,Пополнение карты
2024-12-20,-198.98,Сервис такси
2025-08-03,-3112.11,Коммуналка Газ
2024-09-03,-644.13,Zara магазин
02.05.2023,-4459.43,Кинотеатр Оскар билет
2025-10-01,-1560.65,Ресторан Суши
13.02.2023,-165.57,Оплата детского сада
2023-09-17,97909.52,Зарплата
2025-07-31,-735.49,Врач клиника Здоровье
2025-05-16,-363.09,Доставка еды Delivery Club
2025-01-16,-1648.19,Кофейня Starbucks
25.06.2024,-1520.33,
2025-01-12,-5797.72,Платеж по кредиту
09/07/2023,-741.90,Бензин АЗС
2023-08-08,-4514.24,Ресторан Суши
16.06.2024,-6457.06,Одежда Лента
02/12/2023,-1485.54,Подписка Spotify
11/05/2025,-1717.96,Сервис такси
2023-03-13,-1997.51,Одежда Лента
18/04/2023,-2953.74,Оплата детского сада
2024-12-12,-1951.65,Концерт Hall
2024-09-01,-878.17,Ресторан Суши
2025-02-22,-1589.51,Доставка еды Delivery Club
2024/02/14,-493886.37,Такси Uber
2023-05-31,-1019.68,Ресторан Суши
2023-05-18,-5985.08,Метро
03/07/2023,-1262.84,Электричество
2023-03-20,-3615.45,Страховка
2024-05-17,-6324.23,Zara магазин
2025-02-21,-663.39,Ресторан Суши
2024-04-15,109623.02,Продажа вещи
17.03.2024,-263.29,Электронный мир
2024-11-06,-1146.40,Кофейня Starbucks
27/02/2023,-312300.44,Доставка еды Delivery Club
2025/09/28,-299.99,Пятерочка ул. Ленина 15 чек 1543
2025-04-08,-239.83,Купить подарок ребенку
01/01/2024,-507.51,Оплата детского сада
2023-03-28,40302.42,Продажа вещи
2024/07/05,81124.45,Проценты по вкладу
2023-10-01,-667.20,Доставка еды Delivery Club
2023-11-27,-1366.47,Страховка
2024-05-29,-634.07,Zara магазин
26/07/2023,-6286.67,Автобус
2023/02/18,-6996.58,Магазин техники DNS
2025-01-04,-181.18,Доставка еды Delivery Club
01/05/2024,-4414.78,Автобус
2024-03-19,-539.97,Врач клиника Здоровье
2024-11-18,-6129.79,Пятерочка ул. Ленина 15 чек 1543
26.05.2024,-1293.96,Отель Booking
2025-05-23,-2479.05,Кофейня Starbucks
18.04.2024,-5282.08,Коммуналка Газ
2025-07-22,-609.74,Сервис такси
2024-12-04,-424.24,Кошелек перевод
2025/04/27,-216789.37,Курс валют обмен
26.07.2023,-1616.90,Пятерочка ул. Ленина 15 чек 1543
2023-06-30,-2442.62,Страховка
2023-11-18,-209433.36,Автобус
2024-11-04,-1163.40,Кафе Мята
2023-05-04,-466462.26,Доставка еды Delivery Club
2025-06-24,-4507.28,Ресторан Суши
24/01/2025,-116824.11,Кошелек перевод
2023/08/08,-2447.40,Снятие наличных банкомат
2024-12-17,-530.38,Подарок друг
14.03.2025,-2168.59,Одежда Лента
2024-09-12,-2437.38,Оплата детского сада
18.11.2024,-1919.04,Электронный мир
2025-04-11,-5107.77,Кошелек перевод
2024/02/07,-1725.86,Кошелек перевод
2024-03-25,-116.07,Кредитный платёж Сбербанк
2025-04-22,-9411.98,Аптека-online
2024-03-08,-6050.68,Концерт Hall
2024-09-08,-103.33,Электричество
18.10.2024,-831.29,Кредитный платёж Сбербанк
2023-11-18,-1441.45,Концерт Hall
2024-10-26,-8341.14,Такси Uber
2024-05-04,-1206.39,Снятие наличных банкомат
16.10.2023,-1758.96,Одежда Лента
2025-06-24,-327082.28,Пятерочка ул. Ленина 15 чек 1543
2025-07-17,-1711.07,Врач клиника Здоровье
24/09/2024,-767.44,Кинотеатр Оскар билет
2023-05-01,-9426.28,Подарок друг
2024-05-21,-1730.78,Оплата ЖКХ
2023-10-22,-452.88,Кафе Мята
2025/04/23,-846.62,Врач клиника Здоровье
2023/10/25,-191122.49,Путешествие Авиакомпания
2024-04-14,108429.91,Возврат денег
2024-02-12,-7888.83,Электронный мир
2023-04-08,113795.81,Продажа вещи
2023-12-29,-8478.82,
2024-05-31,-3057.91,Магазин техники DNS
2023-02-12,-1864.14,Концерт Hall
2023-05-16,45975.78,Пополнение карты
2023-11-17,-8678.43,Страховка
06/08/2025,-8092.51,Снятие наличных банкомат
17/11/2023,-5930.20,Электричество
2024-07-23,-2425.78,Купить подарок ребенку
24.08.2023,44719.95,Продажа вещи
29/04/2023,118993.67,Продажа вещи
13/04/2024,-232.48,Кинотеатр Оскар билет
2023-07-04,-6505.98,Платеж по кредиту
2023-08-06,51560.92,Зарплата
2024-03-02,-9098.94,Страховка
2024-11-28,-1904.88,Одежда Лента
2023-06-07,-1275.30,Оплата детского сада
2024-11-04,-9607.17,Магнит ул. Победы 5
2025-01-19,-1733.39,Кофейня Starbucks
2023/10/17,-1224.47,Автобус
19.09.2023,-1712.07,Магазин техники DNS
09/03/2025,-632.17,Кредитный платёж Сбербанк
2025-01-23,-1347.76,Такси Uber
08.06.2024,-1147.96,Электронный мир
13/02/2025,-1279.84,Ремонт смартфона
2024/06/09,-7709.08,Интернет провайдер
2024-06-23,-902.84,Такси Яндекс
2024/05/04,-4403.27,Кафе Мята
2024/03/13,-137.94,Курс валют обмен
11/03/2024,-8502.60,Оплата детского сада
2024-08-22,-1340.08,Пятерочка ул. Ленина 15 чек 1543
2023-07-06,-1423.54,Такси Яндекс
11/01/2025,-4120.60,Путешествие Авиакомпания
2025-06-11,-1965.26,Аптека Ригла
2024-11-20,-277.52,Пятерочка ул. Ленина 15 чек 1543
03/05/2024,-304924.85,Оплата детского сада
2024-09-25,-9705.13,Одежда Лента
2025/04/03,-268.23,Кафе Мята
20.09.2025,-333.05,Оплата ЖКХ
2025-05-12,-636.79,Инвестиции брокер
30/04/2024,111217.38,Возврат денег
31/03/2024,-442.61,Путешествие Авиакомпания
03/05/2025,39239.72,Зарплата
18/03/2024,-1130.89,Доставка еды Delivery Club
14/05/2024,-9482.25,Доставка еды Delivery Club
07/06/2025,-872.91,Метро
2023/03/07,-2935.53,Сервис такси
2024/10/23,-611.62,Подарок друг
19/12/2023,-1385.70,Интернет провайдер
2025-05-23,-622.12,Отель Booking
09/09/2025,-8367.78,Кредитный платёж Сбербанк
14.05.2025,-2689.54,Подписка Spotify
27.06.2023,-861.17,Страховка
07.11.2023,-185805.51,Метро
24.11.2024,-174.15,Платеж по кредиту
24.09.2024,-1987.64,Интернет провайдер
2025-02-26,-344.80,Курс валют обмен
2024-06-11,-224535.09,Метро
2025-05-11,-6877.25,Бензин АЗС
2023-04-15,-1278.36,Платеж по кредиту
2025/07/21,-8095.72,Подписка Spotify
2025-06-10,-318.66,Одежда Лента
25/03/2024,34718.96,Зарплата
2023/12/16,-1444.64,Такси Яндекс
2024-10-06,45303.33,Пополнение карты
01/04/2025,-9614.72,Сервис такси
2024/11/29,-69.40,Путешествие Авиакомпания
2025-08-24,-1556.13,Электричество
2024-02-07,111226.00,Возврат денег
2024-10-08,78359.67,Пополнение карты
2025-06-26,-4509.56,Коммуналка Газ
2025/04/26,-353144.58,Ремонт смартфона
2023-07-30,-7579.77,Ремонт смартфона
2025-03-11,-2674.25,Врач клиника Здоровье
2024-02-04,-1104.54,Кафе Мята
2024-06-07,-3280.22,Zara магазин
2025-03-26,-4431.54,Кошелек перевод
2024-06-01,-1039.62,Одежда Лента
2025-02-13,-1486.87,Путешествие Авиакомпания
2023-08-30,-1793.96,Доставка еды Delivery Club
2024-06-30,-1350.50,H&M
2024-08-09,-532.88,Электронный мир
19.08.2024,-335.78,Одежда Лента
2024-02-26,-5810.02,Подарок друг
2024-01-14,-1568.71,Доставка еды Delivery Club
21/08/2024,-9582.56,Путешествие Авиакомпания
2024-03-02,-1436.74,Платеж по кредиту
2024-12-22,-5643.46,Ресторан Суши
2023-06-10,-5268.96,Ресторан Суши
2024/08/08,40596.80,Возврат денег
2024/01/19,-3137.12,Пятерочка ул. Ленина 15 чек 1543
2023/02/19,-1492.34,
2024/07/14,67581.76,Зарплата
02/08/2024,-1454.07,Электронный мир
19.02.2025,-7337.77,Отель Booking
2025/01/15,-5277.03,Ремонт смартфона
2024/02/09,-7887.30,Оплата детского сада
05.06.2025,-8172.76,Кофейня Starbucks
2024-10-22,-1256.47,Такси Яндекс
2023-02-24,-86.39,Аптека-online
28.06.2024,-3962.29,Подписка Netflix
2025-06-27,-5214.38,Инвестиции брокер
2025-06-01,-1726.31,Аптека Ригла
2023-09-21,-606.44,Бензин АЗС
2025-02-25,-2471.31,Сервис такси
2023-07-05,-674.08,Коммуналка Газ
2023/11/28,-517.26,Ресторан Суши
31/08/2023,-274.41,Платеж по кредиту
2024-04-20,-1285.41,Аптека-online
2023/01/20,-3970.53,Доставка еды Delivery Club
15.03.2025,-1700.24,Сервис такси
12.03.2025,-6300.29,Концерт Hall
2025-07-22,68758.62,Зарплата
2024/09/27,-1870.34,Концерт Hall
2024/09/04,-422794.95,Электронный мир
2025-05-10,-6504.65,Концерт Hall
2024-02-09,-9990.57,Кафе Мята
2023-08-04,-9563.27,Электричество
2025-09-30,-1966.89,Подписка Netflix
2024-04-15,-2016.38,Кафе Мята
2025-07-12,-1408.16,Сервис такси
2024-02-07,-6309.19,Кредитный платёж Сбербанк
2025-04-15,-1634.92,Ресторан Суши
02/01/2024,27485.83,Зарплата
17/07/2023,98257.89,Зарплата
2024/12/27,-8467.32,Ремонт смартфона
30/09/2025,-1813.79,Магнит ул. Победы 5
2023-08-03,-1746.34,Купить подарок ребенку
20.05.2024,-7377.40,Оплата детского сада
2023-06-29,-1870.45,Автобус
2025-06-21,-1372.06,Подписка Netflix
2024-12-10,-9064.82,
2024-03-13,-1880.58,Кредитный платёж Сбербанк
2024/02/21,47995.20,Пополнение карты
2025-02-16,-1840.86,Интернет провайдер
2023-11-20,-1165.05,Zara магазин
25.01.2025,-459327.66,Подарок друг
2023/12/04,32508.55,Зарплата
2023-01-25,-3977.23,Zara магазин
2025/09/08,-511.65,Zara магазин
2024-09-06,-6631.48,Бензин АЗС
2023-03-04,-2496.02,Автобус
2023/02/26,-1371.25,Подарок друг
2023-10-29,-5288.86,Бензин АЗС
2025-03-17,-1600.57,Отель Booking
2024-09-26,-689.98,Пятерочка ул. Ленина 15 чек 1543
2023-04-16,-1689.52,Автобус
2023-05-10,-1463.01,H&M
06.09.2023,-1189.82,Метро
2024-10-29,-8203.97,Доставка еды Delivery Club
2023-11-13,-263663.49,Одежда Лента
2023-05-29,-5376.49,Курс валют обмен
2023-07-25,-1352.33,Автобус
2024-04-23,-704.54,Доставка еды Delivery Club
03.12.2023,-1843.91,Магнит ул. Победы 5
10.12.2024,-1482.44,Оплата ЖКХ
2023-12-06,-1660.86,
2023-01-11,-616.62,Курс валют обмен
2024-08-22,-604.00,Пятерочка ул. Ленина 15 чек 1543
2023-09-26,-432.18,Курс валют обмен
2023-09-26,64103.05,Возврат денег
2023/04/24,-770.80,Коммуналка Газ
2023-06-25,-9027.10,Ремонт смартфона
28.05.2023,-1403.99,Врач клиника Здоровье
2024-03-15,-6698.61,Магнит ул. Победы 5
2023-10-29,-1601.44,Кошелек перевод
2025-05-21,-208.75,Страховка
2024-11-10,97617.72,Проценты по вкладу
2024/06/05,-1439.35,Отель Booking
2024-05-09,-831.84,Аптека-online
2024-08-20,110539.62,Возврат денег
29/08/2023,-6570.96,Подарок друг
2024/01/19,-4360.38,Кафе Мята
2023-08-24,68349.21,Продажа вещи
2024/02/23,-98.20,Электричество
2023-09-29,56506.60,Зарплата
2024-07-13,113394.53,Продажа вещи
2023/03/15,60038.21,Возврат денег
2023/09/14,-1227.87,Подписка Netflix
2025-05-25,-14181.60,Инвестиции брокер
2025/04/22,-412712.04,Магазин техники DNS
13/01/2023,-3820.63,Кинотеатр Оскар билет
03/08/2023,-8060.97,Доставка еды Delivery Club
2024/04/17,-5430.34,Электричество
03.03.2024,-320.95,Курс валют обмен
2023-11-09,60584.00,Продажа вещи
2024-12-03,-1194.56,Инвестиции брокер
02.02.2023,-1608.33,Zara магазин
2024-08-10,-811.74,Электронный мир
12/07/2023,-323111.62,Кофейня Starbucks
2023-06-25,-1393.60,Аптека Ригла
11.07.2023,55543.59,Проценты по вкладу
2024-11-06,63178.70,Зарплата
2023-12-01,-265.95,Магазин техники DNS
2024-05-04,41693.91,Возврат денег
2024-03-18,-1171.43,Аптека-online
2023-07-27,-64.51,Отель Booking
2023-03-07,-1825.09,Кошелек перевод
16/04/2024,-1767.94,Такси Яндекс
2024-12-18,-1655.69,Коммуналка Газ
01.03.2024,-5662.63,Ремонт смартфона
2023-07-07,-2349.32,Магазин техники DNS
2023/06/11,-1836.78,Инвестиции брокер
09.01.2025,-280883.71,Сервис такси
2023-03-20,-371.44,Электричество
15/02/2023,64304.00,Проценты по вкладу
26.05.2025,35036.34,Зарплата
2023/05/20,-183.06,Отель Booking
2023-09-06,-594.33,Кафе Мята
2025-05-08,-1092.57,Аптека Ригла
2023-03-21,-748.27,Подписка Netflix
2023-02-05,-8692.01,Путешествие Авиакомпания
2024-10-18,-651.23,Бензин АЗС
2023-01-05,-193575.90,Врач клиника Здоровье
2023-04-04,40227.00,Зарплата
2024-11-16,-8643.61,Бензин АЗС
2023-06-21,-4581.44,Бензин АЗС
01.10.2024,-69193.94,Магазин техники DNS
2024/01/01,-2095.85,Магазин техники DNS
2023-08-14,-4951.84,Подписка Netflix
12/08/2023,-1981.42,Такси Uber
2025-03-21,-303934.90,Снятие наличных банкомат
14/12/2024,-1288.94,Кафе Мята
2023-11-22,-1236.64,Автобус
2024-01-27,-1424.03,Интернет провайдер
2023-01-22,-1488.93,Ресторан Суши
2024-09-26,74885.38,Продажа вещи
20.01.2024,-303056.84,Кошелек перевод
2025/01/26,-8083.95,Электричество
28/09/2025,-3832.08,Подписка Spotify
17.12.2023,-335852.95,Метро
2024-12-04,-6171.78,Такси Uber
2024-10-06,36298.64,Проценты по вкладу
11.10.2024,-1205.63,Кафе Мята
12.08.2025,-960.79,Такси Яндекс
22.07.2023,-606.44,Такси Uber
12.10.2024,-1946.48,Аптека-online
21/06/2023,-5467.44,Платеж по кредиту
2025-09-03,-212.30,Электронный мир
2023-11-04,-4058.33,Курс валют обмен
2024/04/09,-699.81,Такси Uber
20.07.2023,20770.06,Зарплата
2025/01/12,-485541.39,Сервис такси
2024/05/16,-1775.75,Доставка еды Delivery Club
08/05/2023,-900.78,Концерт Hall
2025-07-24,-7079.84,Платеж по кредиту
2023-03-01,-3938.82,Подарок друг
2025/04/12,-7162.67,Пятерочка ул. Ленина 15 чек 1543
2024-04-11,-9614.23,Кошелек перевод
2023-01-13,-5074.78,Кредитный платёж Сбербанк
2025-09-24,-3326.59,Врач клиника Здоровье
2024/12/09,-5062.31,Инвестиции брокер
2024-02-26,-1166.59,Такси Яндекс
13.04.2025,-205005.41,Оплата ЖКХ
2023-06-22,-1407.82,Бензин АЗС
2024/11/01,-413.48,Концерт Hall
13.05.2024,-1638.02,Ресторан Суши
2023-03-02,-1809.43,Врач клиника Здоровье
2024-10-03,-621.59,Купить подарок ребенку
2023-10-11,-996.13,Доставка еды Delivery Club
2023-01-10,59919.34,Зарплата
2023-02-12,42539.95,Зарплата
2025-09-12,-707.21,Страховка
2024-01-15,-9527.93,Электричество
2024-01-23,108576.97,Продажа вещи
04/01/2023,-9103.76,Магазин техники DNS
2024-09-08,-378205.47,Подписка Netflix
2024-04-07,-1337.45,
2024-10-15,-139.22,Купить подарок ребенку
2023-11-30,-1491.45,Такси Uber
23/12/2023,-429979.00,Аптека-online
21/01/2025,-8958.87,Врач клиника Здоровье
2025-03-14,-1603.80,Магнит ул. Победы 5
2024-11-20,-920.26,Отель Booking
2024-11-09,-1891.21,Оплата ЖКХ
19/04/2023,-1861.49,Пятерочка ул. Ленина 15 чек 1543
2025/02/23,-9612.03,Снятие наличных банкомат
12.11.2024,-2723.53,Купить подарок ребенку
11.06.2025,-719.29,Такси Uber
2025-01-30,-6495.20,Кредитный платёж Сбербанк
07.04.2025,-267.20,Ресторан Суши
29.08.2024,-298.46,Ресторан Суши
2024-01-25,-1094.43,Коммуналка Газ
30/09/2025,-9471.40,Одежда Лента
2024-11-10,-1099.67,Бензин АЗС
2023-05-29,-938.78,Интернет провайдер
2023-05-30,-652.34,Магнит ул. Победы 5
2023/05/07,-1665.94,Кофейня Starbucks
22/12/2024,43743.20,Продажа вещи
2025-05-18,-2420.53,Интернет провайдер
2023-07-03,-1639.27,Магазин техники DNS
2023-06-13,-973.17,Zara магазин
05/02/2024,55412.77,Продажа вещи
2024-12-18,-1516.92,Бензин АЗС
2025-04-04,-369.20,Коммуналка Газ
13/12/2024,-1618.50,Кинотеатр Оскар билет
2024-10-28,-1581.72,Кофейня Starbucks
21/01/2024,-57063.39,Концерт Hall
2023-07-03,-6747.14,Платеж по кредиту
2024-10-04,-823.46,Магнит ул. Победы 5
02.09.2024,-9929.31,Электронный мир
2023-04-02,-1283.05,Кредитный платёж Сбербанк
2023-01-12,-1354.14,Ресторан Суши
2023-01-24,-1402.77,Кофейня Starbucks
30.08.2024,-4386.91,Кредитный платёж Сбербанк
2023-11-30,-1635.09,Инвестиции брокер
2024-07-23,49313.80,Пополнение карты
2024-08-21,-1518.33,Кредитный платёж Сбербанк
2025-07-08,-2042.59,Такси Uber
2023-11-18,88737.65,Возврат денег
2023-09-20,-258012.67,Такси Яндекс
11.07.2024,-636.17,Оплата детского сада
2024-06-15,-1175.29,Инвестиции брокер
2024/06/19,-243.07,Платеж по кредиту
2023-08-31,-3721.70,Коммуналка Газ
19.07.2024,-1263.51,Подписка Netflix
2023/09/19,-212.35,Концерт Hall
2024-03-11,-1478.72,Оплата ЖКХ
2024-12-14,-1313.15,Одежда Лента
17/06/2023,-222477.29,Электричество
10.09.2024,77832.31,Зарплата
2024-02-21,-700.36,Такси Яндекс
2025-06-08,25876.81,Зарплата
16/08/2023,-1470.24,Ресторан Суши
2025-04-21,40934.01,Пополнение карты
2023-10-16,-3365.98,Бензин АЗС
03.02.2024,-1769.94,Инвестиции брокер
29.08.2024,-7260.50,Платеж по кредиту
2024-08-04,-356676.18,Купить подарок ребенку
15/09/2024,-740.30,Аптека Ригла
2023/10/21,76500.62,Пополнение карты
13.04.2025,-209192.24,Такси Яндекс
2023-04-03,115038.03,Возврат денег
2023-02-28,-406089.99,Курс валют обмен
29/08/2025,-1054.27,Кафе Мята
2025-06-28,-420.86,Магазин техники DNS
2023-01-08,-3953.81,Инвестиции брокер
2025-08-31,61044.69,Пополнение карты
04.04.2024,74227.92,Пополнение карты
2024-01-11,-217133.91,H&M
2024-01-18,-8806.22,Кошелек перевод
2023/10/25,-1489.15,Снятие наличных банкомат
2023/08/11,-1792.16,Кредитный платёж Сбербанк
2025-07-02,-1250.28,Метро
2023-12-29,66186.13,
17/03/2024,50859.12,Пополнение карты
07/05/2023,50348.57,Продажа вещи
2023/11/03,-575.49,Аптека Ригла
2024-11-03,-896.22,Кафе Мята
2025-06-10,-310.68,Врач клиника Здоровье
2023-12-06,-480252.44,Врач клиника Здоровье
02/05/2023,-7714.57,Страховка
2025-02-21,-7935.15,Платеж по кредиту
2023-05-15,-721.04,Пятерочка ул. Ленина 15 чек 1543
01.12.2024,68669.85,Продажа вещи
09/01/2023,-1533.75,Подписка Spotify
2023-06-06,-274.29,Кошелек перевод
18.12.2024,-1427.60,Подарок друг
2024-12-18,-1717.00,Аптека Ригла
02.06.2023,-1981.28,Магазин техники DNS
2024-03-12,-5042.82,Такси Яндекс
2024-12-17,-984.43,Интернет провайдер
2024-10-21,-1888.85,Подписка Netflix
2023/09/10,-151.65,Аптека Ригла
2023/08/06,-410.44,Такси Uber
2024/01/08,-7463.69,Бензин АЗС
2023/05/14,-6711.29,Одежда Лента
2023-09-01,-1780.03,Доставка еды Delivery Club
2025-01-30,-443180.27,Доставка еды Delivery Club
2023-07-17,-1115.83,Бензин АЗС
12/01/2025,-349.66,Врач клиника Здоровье
2024-03-04,-448507.38,Курс валют обмен
2025-01-04,-1071.34,Автобус
2025-03-20,-3031.47,Подписка Netflix
2024-08-02,-5179.95,Врач клиника Здоровье
2025-06-10,-1043.09,Концерт Hall
04/02/2024,-362.01,Оплата ЖКХ
2024-12-14,-1430.12,Платеж по кредиту
2023-11-07,-383.66,Подписка Netflix
2023/09/01,114784.14,Возврат денег
2023/05/17,-3992.06,Метро
2024-07-01,86941.46,Продажа вещи
2023-11-29,-310.54,Курс валют обмен
2023/10/29,-8591.45,Купить подарок ребенку
2025/09/15,-1958.59,Пятерочка ул. Ленина 15 чек 1543
2025-03-10,-136099.13,Электронный мир
2024-09-10,-574.15,Путешествие Авиакомпания
2025-04-07,-1473.13,Кинотеатр Оскар билет
01/06/2023,-1640.42,Аптека Ригла
06/08/2024,-2168.38,Аптека Ригла
2023-07-01,-329.87,Такси Uber
2024-04-10,-3098.33,Бензин АЗС
2023-01-13,-1661.80,Электронный мир
2024-10-21,-1880.27,Такси Яндекс
2025-03-22,-1645.60,Бензин АЗС
29.03.2023,-8523.72,Кофейня Starbucks
05.05.2024,-7019.89,Инвестиции брокер
2025-04-24,-1778.59,Подписка Spotify
02.01.2023,64684.48,Проценты по вкладу
21.10.2023,-7718.81,Электронный мир
18.05.2024,-1913.91,Интернет провайдер
2024/09/22,-6836.05,Такси Яндекс
2024/06/27,-1351.18,Подарок друг
2025/04/17,-1023.54,Бензин АЗС
2023-09-29,-8893.71,Автобус
2025-03-07,-1456.62,Кинотеатр Оскар билет
2024-05-04,116362.68,Проценты по вкладу
2023/04/03,-4820.87,Аптека Ригла
2024-05-07,-4667.72,Такси Uber
31.10.2024,-1090.85,Курс валют обмен
21.04.2025,-6215.57,Доставка еды Delivery Club
2025-04-10,-55.59,Такси Яндекс
2023/01/18,-39192.92,Кафе Мята
2025-05-19,-331.07,Кафе Мята
22/09/2025,-318.71,Интернет провайдер
21.12.2024,-5397.67,Пятерочка ул. Ленина 15 чек 1543
2023-04-19,-8963.82,Аптека-online
10.01.2024,31122.99,Зарплата
02.03.2024,-7984.86,Аптека-online
03/11/2023,-1307.45,Zara магазин
24.04.2023,84375.62,Зарплата
2023-06-14,-9007.81,Подарок друг
2025/04/29,-493.26,Платеж по кредиту
2023-10-06,-5203.22,Кафе Мята
06.02.2024,-2617.67,Курс валют обмен
2024/05/03,-3318.59,Магазин техники DNS
24/10/2024,-757.27,Бензин АЗС
2023-12-10,-177.37,Концерт Hall
2025/02/13,-2258.93,Врач клиника Здоровье
2025-09-27,-247065.43,Кофейня Starbucks
2023/04/06,97651.15,Продажа вещи
27.05.2024,-9790.81,Магазин техники DNS
2023/04/10,-1624.61,Платеж по кредиту
2024-08-24,-2299.27,Доставка еды Delivery Club
29/11/2024,115753.65,Зарплата
2023-08-09,-3288.38,Кинотеатр Оскар билет
2024-06-12,75813.63,Пополнение карты
15.03.2025,-9521.13,Одежда Лента
2024-12-30,-1240.26,Кошелек перевод
2023-06-06,-79.14,Страховка
2023-11-13,-936.88,Такси Яндекс
30.10.2023,61803.16,Продажа вещи
2024-12-28,-383941.72,Аптека-online
04.08.2025,-758.77,Кофейня Starbucks
2024-02-23,-1049.33,Кафе Мята
2023/11/18,-562.51,Сервис такси
2024-11-29,-1591.65,Кредитный платёж Сбербанк
2024-07-28,-358.50,Бензин АЗС
16.03.2023,-4791.50,Отель Booking
2024-07-01,-261.28,Такси Яндекс
2024-02-11,-668.71,Магазин техники DNS
12.05.2024,-936.43,Аптека-online
29/08/2025,-111.08,Оплата ЖКХ
2024-01-25,-9828.49,Одежда Лента
2023-08-05,54286.33,Проценты по вкладу
27.03.2023,37353.82,Проценты по вкладу
2024-04-07,-4075.58,Оплата ЖКХ
05/04/2023,-731.09,Коммуналка Газ
2024-05-01,-224024.15,Концерт Hall
07/08/2024,-6777.03,Курс валют обмен
2024-11-14,-8588.03,Электричество
2025-04-25,29030.38,Зарплата
01/06/2023,-7391.56,Ресторан Суши
2025-01-09,-7111.33,Кафе Мята
07.02.2023,-1114.87,Врач клиника Здоровье
22.01.2024,-292649.85,Врач клиника Здоровье
2025/04/13,75187.67,Продажа вещи
17/12/2024,-735.87,Отель Booking
2024-03-12,-392.84,Zara магазин
2023-07-01,-605.80,Инвестиции брокер
27/11/2024,-453882.56,Ремонт смартфона
2023-03-31,-6930.08,Такси Яндекс
2024-05-23,-916.00,Инвестиции брокер
2023-02-03,-1564.92,Сервис такси
28.04.2023,-1597.81,Ресторан Суши
2025-07-18,-780.56,Магазин техники DNS
2023/10/18,-1810.21,Снятие наличных банкомат
20.11.2024,32940.71,Проценты по вкладу
2025/03/20,69202.06,Пополнение карты
10.12.2023,-1948.31,Подарок друг
21/10/2024,-1881.81,Кофейня Starbucks
15.01.2025,-902.93,Электричество
31.03.2025,-814.42,Купить подарок ребенку
2025/07/27,-109843.66,Концерт Hall
2024-03-23,-1255.29,Доставка еды Delivery Club
2025-09-22,-3044.38,Пятерочка ул. Ленина 15 чек 1543
2024-10-08,-3774.04,Кошелек перевод
10.05.2025,-7274.06,Электронный мир
15.08.2025,-434800.13,Купить подарок ребенку
2025-08-07,-1794.48,Кинотеатр Оскар билет
2024-05-21,-1007.52,Оплата ЖКХ
17/03/2023,-868.82,Автобус
10/10/2024,-1812.09,Аптека Ригла
2024-10-08,-496932.39,Ресторан Суши
2024-09-20,-546.28,Концерт Hall
2024-09-12,50704.68,Пополнение карты
2025/06/06,-320.20,Оплата ЖКХ
09.12.2024,-229.34,Аптека-online
2024/10/29,-1895.37,Страховка
14.09.2023,-60418.35,Подписка Netflix
2024/08/24,-249037.58,Оплата ЖКХ
2024-03-09,-6858.37,Электричество
2024/08/03,-5595.23,Купить подарок ребенку
2025-09-08,-1662.04,Сервис такси
2025-09-15,-1627.63,Пятерочка ул. Ленина 15 чек 1543
2023/07/10,-4975.71,Оплата ЖКХ
2023-05-06,63008.16,Зарплата
2024-08-04,-801.90,Интернет провайдер
23.06.2024,-9570.17,Подписка Netflix
2024-11-18,-1524.59,Кредитный платёж Сбербанк
24.11.2023,-1981.01,Страховка
08/05/2023,-511.02,Электричество
2023-01-19,-456705.14,Кофейня Starbucks
11/05/2025,60365.09,Зарплата
2024-04-26,-4197.39,Сервис такси
2024-02-14,-141.79,Электричество
10/04/2024,-9501.63,Ресторан Суши
2023-08-18,-679.58,Кафе Мята
22.03.2024,-8498.26,Врач клиника Здоровье
2024-07-04,-1580.64,Метро
2025/08/27,91912.94,Продажа вещи
2024/01/24,-283.81,Кафе Мята
2023-06-01,-7345.88,Сервис такси
2023-09-04,-167736.57,Страховка
2023-08-20,-4824.08,Подписка Spotify
2023-09-06,-2601.16,Оплата ЖКХ
2023-08-06,-3503.34,Отель Booking
2023-08-02,50835.64,Пополнение карты
2025/08/25,-1033.80,Кредитный платёж Сбербанк
2023/08/13,-6107.71,Путешествие Авиакомпания
2023-07-12,-9611.96,Концерт Hall
15.04.2023,-3924.50,Бензин АЗС
2023/07/11,61676.11,Проценты по вкладу
2024-07-17,-1029.27,Оплата ЖКХ
24/02/2023,-795.92,Бензин АЗС
2023/07/18,-1082.65,Аптека Ригла
2024-03-19,-266.61,Кредитный платёж Сбербанк
2025-07-05,-247.01,Кошелек перевод
2024-09-27,-478.78,Магазин техники DNS
2024/12/09,-4781.06,Концерт Hall
2024/09/02,-1820.18,Бензин АЗС
2025/01/26,-1378.81,Кошелек перевод
07/12/2023,59961.88,Зарплата
22.01.2023,-1532.51,
27/12/2023,-5780.55,Страховка
2023-01-18,-6202.15,Подписка Spotify
2023-05-31,-4685.42,Коммуналка Газ
2023-12-26,-944.56,Страховка
2023-11-05,66471.58,Пополнение карты
2025-07-12,-1062.65,Ресторан Суши
01/06/2023,-185025.26,Оплата детского сада
2024-08-14,-1501.51,Подарок друг
04/09/2025,-7430.41,Подписка Netflix
2024-04-05,-5128.21,H&M
2023/10/10,-719.39,Доставка еды Delivery Club
2024-03-19,-1940.47,H&M
02.12.2024,-615.07,Кинотеатр Оскар билет
2023/06/16,-2124.74,Автобус
2023-10-17,-59.93,Метро
2025-05-04,61519.64,Возврат денег
2025-05-29,-217.71,Курс валют обмен
20.01.2025,-112.67,Такси Яндекс
2023-09-12,-1935.47,Электронный мир
2023/09/25,-1373.90,Аптека Ригла
15.08.2024,-861.81,Врач клиника Здоровье
2023-11-09,-407.58,Купить подарок ребенку
03/05/2025,46514.08,Пополнение карты
2025-08-15,-959.78,Отель Booking
2024-04-17,-216250.12,Пятерочка ул. Ленина 15 чек 1543
2024/09/21,-298.19,Доставка еды Delivery Club
2024/08/02,41334.23,Проценты по вкладу
2024-04-18,47613.25,Пополнение карты
2023/02/26,-1208.96,Кредитный платёж Сбербанк
02/08/2024,-1190.00,Метро
2025-01-04,28649.11,Пополнение карты
22.05.2024,-4407.14,Купить подарок ребенку
2025-08-17,-2917.67,
2024-09-10,-973.80,Кошелек перевод
30/03/2024,56993.14,Зарплата
2023-07-08,-1244.88,Инвестиции брокер
2024-11-04,-3478.46,Кинотеатр Оскар билет
04.11.2024,-986.91,Инвестиции брокер
2023-04-13,-802.35,Оплата детского сада
20/04/2024,-941.31,Кинотеатр Оскар билет
2023-01-12,-7257.53,Кредитный платёж Сбербанк
2025/07/18,-5666.80,
2023/06/12,-1809.97,Платеж по кредиту
2024-06-09,-1452.46,Кинотеатр Оскар билет
2025-01-02,-7267.55,Подписка Netflix
2023-03-11,-306862.48,Электронный мир
2024-12-26,35553.56,Пополнение карты
2024-08-25,-2540.56,Ремонт смартфона
20.01.2025,-1871.76,Оплата детского сада
17.02.2025,-1767.47,Кошелек перевод
2024-01-29,-538.44,Автобус
2025-02-06,-8725.43,Одежда Лента
2023-11-25,-1292.92,Электронный мир
2023/07/20,-1497.20,Подписка Spotify
2024-06-25,-1276.78,Такси Яндекс
2023-07-28,41573.66,Зарплата
2024-07-13,91412.51,Возврат денег
2025-01-15,-6562.96,Врач клиника Здоровье
2023/12/27,-8412.77,Курс валют обмен
02/10/2024,-1575.66,Кофейня Starbucks
01/05/2023,-93.96,Такси Uber
2023-10-24,-1749.37,H&M
2023-03-18,75908.54,Пополнение карты
2024-02-13,82449.53,Зарплата
2023-09-27,67926.51,Продажа вещи
2025-06-28,79237.86,Возврат денег
2025-08-04,-192.18,Метро
2025-07-15,-187.99,Магнит ул. Победы 5
2025-01-27,-302.46,Курс валют обмен
2023-04-17,-5452.12,Интернет провайдер
20.05.2025,32371.84,Зарплата
2023-07-20,-7903.39,Электронный мир
23/02/2023,-882.33,Кафе Мята
2024-03-24,-719.09,Одежда Лента
01.09.2023,33627.55,Зарплата
2025-06-28,-1613.45,Кофейня Starbucks
2023-09-13,41404.43,Зарплата
2023/02/14,-9984.71,Кредитный платёж Сбербанк
12/02/2024,-537.89,Оплата детского сада
2024-05-21,-8870.08,H&M
2023/11/06,-3953.65,Подписка Spotify
2023-11-23,-1805.83,Бензин АЗС
28/09/2024,-422298.42,Оплата ЖКХ
2023-11-09,-1641.94,Ресторан Суши
28.09.2025,-9624.36,Кредитный платёж Сбербанк
2025-05-06,-1663.00,Доставка еды Delivery Club
2023-10-13,-796.05,Страховка
18.08.2023,-151.91,Оплата детского сада
2024-07-08,-379694.26,Пятерочка ул. Ленина 15 чек 1543
2025/04/28,-103.32,Доставка еды Delivery Club
28/09/2024,-6426.35,Метро
2025-08-12,-1166.57,Инвестиции брокер
2024/06/15,-1985.60,Электронный мир
2025-07-18,-537.37,Подписка Netflix
2023-12-12,-574.06,Ремонт смартфона
2024-10-30,27458.38,Зарплата
2023-11-25,-83.67,
2023/02/07,-164.24,Курс валют обмен
2023-10-11,-553.11,Автобус
2023-09-23,-3175.21,Интернет провайдер
20.02.2023,-1038.10,Магнит ул. Победы 5
2023-11-21,-1443.37,Интернет провайдер
2023-09-21,-137.23,H&M
2023-04-22,-512.11,Ресторан Суши
2024-01-16,-881.63,Сервис такси
2023/01/26,-845.87,Одежда Лента
2024/04/26,-617.20,Концерт Hall
2024-08-28,-6086.37,Оплата ЖКХ
2024-06-04,-195631.45,H&M
2024-11-03,-200.76,Кредитный платёж Сбербанк
2023-08-18,-7871.61,Кофейня Starbucks
2023-05-05,-7273.58,Метро
2023/11/21,-525.86,Кофейня Starbucks
2025/02/25,-2923.34,Электричество
20/01/2025,-199.07,H&M
2024-05-10,-1664.25,Сервис такси
2025-08-05,-7327.22,Сервис такси
2025/03/25,-870.99,Ресторан Суши
12/08/2024,-9011.25,Врач клиника Здоровье
04/05/2023,-5758.88,Курс валют обмен
2025-06-09,-9919.47,Пятерочка ул. Ленина 15 чек 1543
2025-06-06,-834.52,Подарок друг
2024/12/30,-1252.43,Zara магазин
2023-02-16,-456230.37,H&M
2025-01-28,-7867.55,Аптека-online
2024-08-26,-65.18,Такси Яндекс
2024-11-21,-1041.90,Электричество
2025-08-25,-144.16,Коммуналка Газ
2024-06-21,-798.93,Подарок друг
03.09.2025,68748.39,Возврат денег
2025-06-19,-281.17,H&M
25.03.2024,-137120.22,Подписка Spotify
19.04.2023,-1126.72,Кинотеатр Оскар билет
2023-06-22,-274516.58,Магнит ул. Победы 5
07/01/2023,-599.58,Пятерочка ул. Ленина 15 чек 1543
2024-03-12,-4359.53,Кафе Мята
2024-12-24,-219.38,Подарок друг
2023-10-13,-7954.22,H&M
2023/03/18,-1279.72,Zara магазин
2025-03-06,-2306.85,Электричество
2024-12-23,-7289.04,Врач клиника Здоровье
2023-02-06,-783.61,Кошелек перевод
20.11.2024,-414.85,Кинотеатр Оскар билет
15.05.2023,-430006.83,Такси Яндекс
04/01/2023,93899.15,Возврат денег
2024/12/05,-1293.54,Купить подарок ребенку
03.11.2024,-7343.81,Интернет провайдер
07/10/2024,-238.24,Инвестиции брокер
2025-06-21,-169444.55,Сервис такси
29.04.2023,-4780.63,Электричество
2023-05-12,-7497.78,Страховка
2023-10-02,-1555.01,Сервис такси
22/11/2023,-558.36,Путешествие Авиакомпания
2024-05-12,-4468.09,Купить подарок ребенку
09.08.2024,-1938.10,Купить подарок ребенку
2023-05-13,-2722.02,Пятерочка ул. Ленина 15 чек 1543
2025/07/23,-145.97,Курс валют обмен
02.07.2024,-1449.75,Инвестиции брокер
2023/06/15,-534.97,Оплата ЖКХ
2025-05-15,26151.24,Пополнение карты
2024-05-11,-1281.53,Коммуналка Газ
2023/02/04,-3049.55,Электронный мир
2023-10-04,-1421.80,Автобус
2023-01-21,-3214.78,Инвестиции брокер
22/03/2025,-8278.17,Такси Uber
2025-01-31,-565.33,Отель Booking
27/04/2024,-842.34,Такси Яндекс
2023-10-19,-1986.65,Кошелек перевод
2025/09/01,-1176.87,Бензин АЗС
28.02.2025,-1303.50,Аптека-online
2025-04-09,-454.98,Бензин АЗС
30.08.2024,-5788.12,Магазин техники DNS
2024-08-03,-657.34,Страховка
2023-06-04,-1749.28,Кофейня Starbucks
2023-08-03,-660.38,Страховка
26/11/2023,-1492.39,Платеж по кредиту
2025-08-01,-1525.93,Автобус
2025-02-05,-2909.32,Путешествие Авиакомпания
22.05.2024,49231.60,Пополнение карты
14/07/2024,-1991.70,Подписка Spotify
2025-06-20,-4973.05,Электричество
2023/05/25,-9615.96,Оплата ЖКХ
2024/09/11,-464269.00,Оплата ЖКХ
22.05.2025,-861.79,Аптека-online
2023-03-10,-233.00,Врач клиника Здоровье
2023-04-07,-733.38,Такси Uber
2023/08/20,-1650.47,Врач клиника Здоровье
2024-08-21,-9474.46,Ремонт смартфона
2024-10-18,-1474.78,Доставка еды Delivery Club
2023-09-27,55239.02,Пополнение карты
2023-12-05,-9733.27,Доставка еды Delivery Club
2024-09-22,-1577.56,Оплата ЖКХ
2023-04-04,-1755.50,Кинотеатр Оскар билет
2025-07-06,-969.79,Путешествие Авиакомпания
2025-02-17,-801.78,Магазин техники DNS
2023-11-16,24691.98,Пополнение карты
08.08.2023,-8719.01,Подписка Netflix
2024-05-16,-899.06,Ресторан Суши
2023-01-26,-4767.93,Отель Booking
2024-09-23,-399.06,Врач клиника Здоровье
11.01.2023,31693.32,Пополнение карты
2023-12-03,-75.34,Снятие наличных банкомат
2024/10/24,-1406.22,Магазин техники DNS
2024-10-02,-9420.60,Пятерочка ул. Ленина 15 чек 1543
09/10/2024,-7180.39,Аптека-online
2023-04-17,-3225.53,Ремонт смартфона
2025-06-10,-2955.41,Сервис такси
2024-12-28,-1712.52,Инвестиции брокер
2025-01-25,-3353.71,Электричество
2025/01/09,-1683.55,Оплата детского сада
08.03.2023,-569.94,Платеж по кредиту
2023/02/15,-1288.83,Платеж по кредиту
2025-08-21,-715.83,Курс валют обмен
2024-12-14,-1840.12,Отель Booking
30.03.2023,-385694.06,Купить подарок ребенку
2023-08-11,-9545.90,Такси Яндекс
2024-11-28,-7904.88,Врач клиника Здоровье
2024-01-24,-665.30,Подписка Netflix
2023/07/12,-137083.50,Аптека Ригла
05/04/2023,-1301.56,Одежда Лента
2024-10-08,-296759.26,Магнит ул. Победы 5
05.08.2024,-1631.27,Подарок друг
2023/08/01,-1499.11,Платеж по кредиту
2024-06-09,-111.32,Оплата ЖКХ
2024-11-05,-679.83,Кафе Мята
2024-11-05,-7035.78,Электричество
09.01.2023,-1810.81,Zara магазин
2024/01/02,-92.41,Инвестиции брокер
2024-04-12,-5788.58,Подарок друг
2025/01/10,-4401.39,Аптека-online
17.06.2025,-880.49,Платеж по кредиту
14/08/2024,-1848.59,Концерт Hall
2025-09-15,-288314.25,Врач клиника Здоровье
2024/11/10,-161544.03,Метро
2025/03/31,-1334.29,Концерт Hall
2023/06/26,-446.48,Аптека Ригла
08.09.2023,-360.69,Одежда Лента
2024-07-17,-337534.06,Оплата ЖКХ
24.12.2024,-670.80,Бензин АЗС
2024-02-14,-7842.98,Подписка Spotify
2024-02-08,90288.90,Проценты по вкладу
28.01.2023,-4953.06,Аптека Ригла
2025-04-22,-326332.86,Магазин техники DNS
2023-07-12,-798.93,Подарок друг
2023/06/04,-1919.10,Аптека-online
17/06/2023,-211.15,Бензин АЗС
2023-04-14,29653.03,Зарплата
03/06/2024,49168.36,Зарплата
16/02/2024,-1497.03,Коммуналка Газ
2025-04-06,-973.42,Платеж по кредиту
2024/07/01,-270538.70,Аптека Ригла
2024-11-21,-356706.71,Zara магазин
2024-06-11,-956.29,Отель Booking
07/06/2025,-7491.10,Метро
2023-12-12,-398.52,Пятерочка ул. Ленина 15 чек 1543
18/01/2023,-267.78,Купить подарок ребенку
2024-06-28,-234.42,Аптека Ригла
10/10/2024,-943.16,Подписка Netflix
2025-07-29,54144.10,Пополнение карты
2023/12/01,64372.17,Зарплата
2023/03/22,-93.65,Коммуналка Газ
2023-09-21,-5467.48,Такси Яндекс
2023-07-16,-6313.26,Коммуналка Газ
2024-12-11,49368.83,Проценты по вкладу
2023-10-09,-1359.31,Аптека Ригла
20.07.2025,-453.92,Подписка Netflix
03.11.2024,-1953.00,Отель Booking
15.08.2023,49895.19,Продажа вещи
2025-01-15,-1287.81,Отель Booking
03/02/2024,40577.04,Зарплата
22/04/2025,-1410.56,Страховка
19/09/2023,86824.57,Зарплата
2023-12-20,42151.49,Пополнение карты
19/11/2023,-1190.63,Пятерочка ул. Ленина 15 чек 1543
01/08/2024,-4271.10,Пятерочка ул. Ленина 15 чек 1543
29/08/2023,-1900.20,Кафе Мята
10.02.2024,-398.31,Ресторан Суши
2025-03-07,-1515.00,Курс валют обмен
2024/09/05,-7313.88,Одежда Лента
2024-10-10,-814.74,Платеж по кредиту
2024-05-21,-1753.02,Путешествие Авиакомпания
2023-01-04,-7466.81,Отель Booking
2024-08-17,-1291.01,Сервис такси
2023-05-22,-1477.69,Такси Яндекс
2023-11-29,-7474.90,Кофейня Starbucks
2023-01-24,-1047.10,Кредитный платёж Сбербанк
24.07.2025,-1877.42,Кошелек перевод
27.11.2023,-949.30,Пятерочка ул. Ленина 15 чек 1543
09/09/2024,-255105.32,Аптека Ригла
2024-09-10,-1457.99,Концерт Hall
2025-02-05,-9964.28,Сервис такси
2023-03-14,-6298.73,Снятие наличных банкомат
2024-09-13,-1664.12,Пятерочка ул. Ленина 15 чек 1543
11/04/2025,-1447.42,Магнит ул. Победы 5
27/10/2024,-1701.79,Ресторан Суши
2024-08-16,-1330.25,Концерт Hall
2023-09-06,-1301.97,Снятие наличных банкомат
2025-07-09,-4739.54,Кошелек перевод
2023-12-05,-1209.13,Снятие наличных банкомат
2023-06-01,-6508.32,Интернет провайдер
2023-11-11,-1440.50,Купить подарок ребенку
2023-06-08,-620.05,Кафе Мята
14.10.2024,82490.73,Возврат денег
2023/01/13,-9968.94,Платеж по кредиту
25.09.2024,-1712.59,Кредитный платёж Сбербанк
19/01/2024,-8966.26,Страховка
10/05/2024,60813.03,Зарплата
18.08.2023,-4852.01,Ресторан Суши
2025-07-23,73888.08,Пополнение карты
2024-01-08,115682.54,Зарплата
2023-10-05,-9763.50,Инвестиции брокер
2024-08-03,-3461.48,Снятие наличных банкомат
28.05.2025,-1959.79,Отель Booking
2023-10-12,-74948.98,Автобус
01.08.2023,-241.63,Доставка еды Delivery Club
